Instrument,USLIAWHMP, USUNINSCE, USCNORCGD, USNAPMNO, USNOEXCHD, USBPPRVTO, S&PCOMP, USBCILCIQ, FRTCM10, FRFEDFD, USAVGEXPQ
Field,X,X,X,X,X,X,X,X,X,X,X
Dates,,,,,,,,,,,
1948-01-15,,,,53.3,,,,,,,
1948-02-15,,,,51.1,,,,,,,
1948-03-15,,,,43.9,,,,,,,
1948-04-15,,,,44.5,,,,,,,
1948-05-15,,,,51.2,,,,,,,
1948-06-15,,,,58.1,,,,,,,
1948-07-15,,,,50.4,,,,,,,
1948-08-15,,,,46.0,,,,,,,
1948-09-15,,,,40.6,,,,,,,
1948-10-15,,,,52.1,,,,,,,
1948-11-15,,,,43.2,,,,,,,
1948-12-15,,,,34.5,,,,,,,
1949-01-15,,,,31.4,,,,,,,
1949-02-15,,,,34.2,,,,,,,
1949-03-15,,,,42.1,,,,,,,
1949-04-15,,,,42.3,,,,,,,
1949-05-15,,,,41.1,,,,,,,
1949-06-15,,,,39.8,,,,,,,
1949-07-15,,,,49.1,,,,,,,
1949-08-15,,,,55.7,,,,,,,
1949-09-15,,,,58.0,,,,,,,
1949-10-15,,,,58.9,,,,,,,
1949-11-15,,,,58.7,,,,,,,
1949-12-15,,,,53.1,,,,,,,
1950-01-15,39.6,295.8,,62.3,,,,,,,
1950-02-15,39.7,290.3,,62.5,,,,,,,
1950-03-15,39.7,278.1,,61.8,,,,,,,
1950-04-15,40.3,264.9,,71.0,,,,,,,
1950-05-15,40.3,251.6,,76.6,,,,,,,
1950-06-15,40.6,253.4,,82.6,,,,,,,
1950-07-15,40.9,224.8,,80.3,,,,,,,
1950-08-15,41.3,171.2,,77.1,,,,,,,
1950-09-15,40.8,182.9,,66.4,,,,,,,
1950-10-15,41.1,195.0,,49.0,,,,,,,
1950-11-15,41.0,201.8,,57.2,,,,,,,
1950-12-15,40.9,198.6,,67.7,,,,,,,
1951-01-15,41.0,175.3,,67.9,,,,,,,
1951-02-15,40.9,182.8,,70.0,,,,,,,
1951-03-15,41.0,167.3,,61.0,,,,,,,
1951-04-15,41.0,200.7,,42.3,,,,,,,
1951-05-15,41.0,200.2,,45.2,,,,,,,
1951-06-15,40.9,210.3,,39.1,,,,,,,
1951-07-15,40.6,238.0,,38.2,,,,,,,
1951-08-15,40.4,255.6,,38.5,,,,,,,
1951-09-15,40.4,243.7,,48.2,,,,,,,
1951-10-15,40.3,235.2,,51.7,,,,,,,
1951-11-15,40.4,211.8,,49.3,,,,,,,
1951-12-15,40.7,215.0,,45.3,,,,,,,
1952-01-15,40.8,222.8,,46.8,,,,,,,
1952-02-15,40.8,202.2,,42.3,,,,,,,
1952-03-15,40.6,210.8,,43.7,,,,,,,
1952-04-15,40.3,220.3,,35.8,,,,,,,
1952-05-15,40.5,214.3,,43.9,,,,,,,
1952-06-15,40.6,243.5,,46.3,,,,,,,
1952-07-15,40.2,317.2,,69.4,,,,,,,
1952-08-15,40.7,208.1,,58.5,,,,,,,
1952-09-15,41.1,169.4,,60.3,,,,,,,
1952-10-15,41.2,175.9,,59.9,,,,,,,
1952-11-15,41.2,170.5,,58.8,,,,,,,
1952-12-15,41.2,191.9,,60.4,,,,,,,
1953-01-15,41.1,176.3,,64.6,,,,,,,
1953-02-15,41.0,178.5,,56.0,,,,,,,
1953-03-15,41.2,189.8,,47.2,,,,,,,
1953-04-15,40.9,180.5,,52.0,,,,,,,
1953-05-15,41.0,199.5,,49.3,,,,,,,
1953-06-15,40.9,196.1,,48.3,,,,,,,
1953-07-15,40.7,208.1,,44.2,,,,,,,
1953-08-15,40.7,230.2,,42.1,,,,,,,
1953-09-15,40.1,240.2,,39.9,,,,,,,
1953-10-15,40.1,252.4,,38.0,,,,,,,
1953-11-15,40.0,300.1,,40.9,,,,,,,
1953-12-15,39.7,281.7,,37.5,,,,,,,
1954-01-15,39.5,305.4,,42.9,,1314.0,,,,,
1954-02-15,39.7,320.7,,50.3,,1294.0,,,,,
1954-03-15,39.6,321.9,,54.7,,1364.0,,,,,
1954-04-15,39.7,315.5,,58.4,,1378.0,,,,,
1954-05-15,39.7,315.6,,60.2,,1403.0,,,,,
1954-06-15,39.7,316.1,,64.6,,1507.0,,,,,
1954-07-15,39.7,295.7,,63.8,,1545.0,,,,0.75,
1954-08-15,39.8,321.1,,56.6,,1533.0,,,,1.44,
1954-09-15,39.9,324.3,,62.2,,1572.0,,,,1.0,
1954-10-15,39.7,316.8,,66.7,,1626.0,,,,1.0,
1954-11-15,40.1,277.7,,66.0,,1752.0,,,,0.13,
1954-12-15,40.1,254.6,,73.6,,1702.0,,,,0.5,
1955-01-15,40.4,258.0,,66.8,,1759.0,,,,1.44,
1955-02-15,40.6,241.3,,73.9,,1946.0,,,,1.0,
1955-03-15,40.7,229.6,,71.5,,1667.0,,,,1.0,
1955-04-15,40.8,229.6,,70.9,,1713.0,,,,1.38,
1955-05-15,41.1,224.0,,72.9,,1723.0,,,,1.63,
1955-06-15,40.8,223.8,,60.9,,1626.0,,,,1.69,
1955-07-15,40.7,224.2,,67.1,,1632.0,,,,1.63,
1955-08-15,40.7,235.0,,70.4,,1576.0,,,,2.0,
1955-09-15,40.7,205.2,,63.7,,1552.0,,,,2.25,
1955-10-15,41.0,225.8,,66.3,,1519.0,,,,2.25,
1955-11-15,41.1,216.9,,61.5,,1386.0,,,,2.25,
1955-12-15,40.9,215.7,,66.6,,1380.0,,,,2.44,
1956-01-15,40.8,219.1,,61.8,,1416.0,,,,2.5,
1956-02-15,40.7,227.8,,56.2,,1376.0,,,,2.5,
1956-03-15,40.6,222.5,,57.3,,1416.0,,,,2.5,
1956-04-15,40.5,224.5,,55.9,,1411.0,,,,2.75,
1956-05-15,40.4,237.7,,53.0,,1314.0,,,,2.75,
1956-06-15,40.3,229.1,,48.9,,1290.0,,,,2.75,
1956-07-15,40.3,246.9,,44.4,,1281.0,,,,2.75,
1956-08-15,40.3,225.5,,54.3,,1251.0,,,,2.75,
1956-09-15,40.5,238.0,,60.5,,1218.0,,,,3.0,
1956-10-15,40.6,215.6,,55.6,,1201.0,,,,3.0,
1956-11-15,40.4,224.9,,57.0,,1208.0,,,,3.0,
1956-12-15,40.6,231.3,,52.8,,1197.0,,,,3.0,
1957-01-15,40.4,244.0,,57.6,,1115.0,,,,2.88,
1957-02-15,40.5,226.3,,52.5,,1172.0,,,,3.0,
1957-03-15,40.4,221.1,,51.1,,1182.0,,,,3.0,
1957-04-15,40.0,241.1,,49.2,,1117.0,,,,3.0,
1957-05-15,40.0,245.6,,46.1,,1167.0,,,,3.0,
1957-06-15,40.0,247.6,,49.8,,1192.0,,,,3.0,
1957-07-15,40.0,268.8,,47.6,,1111.0,,,,3.0,
1957-08-15,40.0,236.5,,48.8,,1187.0,,,,3.25,
1957-09-15,39.7,307.5,,53.8,,1191.0,,,,3.5,
1957-10-15,39.4,303.7,,46.4,,1175.0,,,,3.5,
1957-11-15,39.2,322.8,,47.2,,1141.0,,,,3.5,
1957-12-15,39.1,357.7,,42.8,,1150.0,,,,3.0,
1958-01-15,38.9,356.5,,35.2,,1180.0,,,,2.25,
1958-02-15,38.7,409.6,,47.3,,1015.0,,,,2.75,
1958-03-15,38.8,439.1,,45.3,,1125.0,,,,1.5,
1958-04-15,38.9,441.1,,47.2,,1185.0,,,,1.75,
1958-05-15,38.9,403.1,,56.7,,1240.0,,,,0.5,
1958-06-15,39.1,412.8,,60.8,,1324.0,,,,1.63,
1958-07-15,39.3,352.2,,66.5,,1442.0,,,,1.0,
1958-08-15,39.5,365.9,,65.2,,1440.0,,,,1.75,
1958-09-15,39.5,340.4,,67.0,,1476.0,,,,1.75,
1958-10-15,39.6,316.7,,67.9,,1523.0,,,,1.75,
1958-11-15,39.9,313.6,,68.5,,1729.0,,,,2.5,
1958-12-15,39.9,322.5,,64.7,,1494.0,,,,2.5,
1959-01-15,40.2,294.1,47757.0,69.0,8350.0,1478.0,,,,2.5,
1959-02-15,40.3,286.2,50371.0,70.5,9955.0,1542.0,,,,2.5,
1959-03-15,40.4,259.7,51272.0,70.2,11248.0,1611.0,,,,2.88,
1959-04-15,40.5,246.1,50851.0,66.9,10205.0,1539.0,,,,3.0,
1959-05-15,40.7,248.0,49832.0,69.9,10695.0,1513.0,,,,3.0,
1959-06-15,40.6,259.4,49906.0,64.2,10892.0,1490.0,,,,3.5,
1959-07-15,40.3,265.5,49129.0,61.3,11050.0,1452.0,,,,3.25,
1959-08-15,40.4,293.5,47028.0,54.4,10177.0,1465.0,,,,3.5,
1959-09-15,40.4,273.0,46975.0,43.7,11050.0,1411.0,,,,4.0,
1959-10-15,40.1,313.1,46866.0,50.0,10677.0,1358.0,,,,4.0,
1959-11-15,39.9,353.6,45860.0,51.1,10037.0,1298.0,,,,4.0,
1959-12-15,40.3,277.2,49279.0,62.8,10844.0,1394.0,,,,4.0,
1960-01-15,40.6,282.6,48342.0,65.4,9969.0,1325.0,,,,4.0,
1960-02-15,40.3,272.6,47617.0,52.5,10289.0,1319.0,,,,4.0,
1960-03-15,40.0,305.3,46753.0,52.2,10127.0,1158.0,,,,4.0,
1960-04-15,40.0,296.0,47078.0,52.0,10562.0,1232.0,,,,4.0,
1960-05-15,40.1,318.1,46551.0,45.8,10563.0,1276.0,,,,4.0,
1960-06-15,39.9,323.8,46955.0,49.2,10479.0,1161.0,,,,3.0,
1960-07-15,39.9,337.7,46770.0,45.7,10127.0,1211.0,,,,3.5,
1960-08-15,39.7,366.1,48054.0,55.6,10109.0,1205.0,,,,3.0,
1960-09-15,39.4,353.8,47972.0,50.5,10089.0,1194.0,,,,3.0,
1960-10-15,39.7,375.7,47128.0,50.1,9820.0,1179.0,,,,2.75,
1960-11-15,39.3,387.6,46585.0,48.2,9497.0,1187.0,,,,2.5,
1960-12-15,38.4,383.9,45946.0,47.5,10438.0,1151.0,,,,2.0,
1961-01-15,39.3,396.0,44292.0,47.2,9960.0,1176.0,,,,2.5,
1961-02-15,39.4,432.6,44298.0,48.7,10022.0,1166.0,,,,3.0,
1961-03-15,39.5,381.5,47121.0,55.2,10031.0,1212.0,,,,1.75,
1961-04-15,39.5,383.8,47845.0,67.7,9933.0,1214.0,,,,2.0,
1961-05-15,39.7,360.5,48619.0,64.8,9676.0,1246.0,,,,2.5,
1961-06-15,40.0,336.2,49932.0,64.0,10233.0,1297.0,,,,2.0,
1961-07-15,40.0,350.9,48446.0,64.5,10707.0,1313.0,,,,1.0,
1961-08-15,40.1,318.0,51160.0,62.9,11210.0,1405.0,,,,2.75,
1961-09-15,39.5,331.8,50652.0,69.5,10583.0,1331.0,,,,1.5,
1961-10-15,40.3,306.4,50942.0,68.3,10695.0,1361.0,,,,3.0,
1961-11-15,40.7,306.8,53138.0,65.1,11056.0,1396.0,,,,3.0,
1961-12-15,40.4,298.5,54125.0,73.4,10487.0,1408.0,,,,2.5,
1962-01-15,40.0,302.9,53650.0,59.4,11099.0,1360.0,,,4.1,3.0,
1962-02-15,40.4,297.4,53053.0,61.8,11855.0,1447.0,,,4.02,2.75,
1962-03-15,40.6,289.3,52758.0,60.1,10585.0,1375.0,,,3.96,2.75,
1962-04-15,40.6,285.2,51342.0,57.3,11593.0,1498.0,,,3.85,3.0,
1962-05-15,40.6,302.8,52273.0,53.6,10949.0,1384.0,,,3.87,2.5,
1962-06-15,40.5,306.2,51511.0,52.5,10782.0,1398.0,,,3.89,2.75,
1962-07-15,40.5,305.2,52940.0,53.2,10869.0,1442.0,,,4.0,2.75,
1962-08-15,40.5,307.3,53182.0,52.9,10847.0,1455.0,,,3.98,3.0,
1962-09-15,40.5,302.4,53357.0,53.0,11102.0,1481.0,,,3.99,3.0,
1962-10-15,40.3,306.5,54187.0,53.6,11278.0,1432.0,,,3.94,3.0,
1962-11-15,40.5,301.3,54339.0,57.8,12102.0,1499.0,,,3.91,3.0,
1962-12-15,40.3,312.0,53134.0,59.7,11432.0,1499.0,,,3.87,3.0,
1963-01-15,40.5,311.9,54541.0,60.9,11629.0,1457.0,,,3.8,3.0,
1963-02-15,40.5,303.1,56102.0,60.4,11944.0,1415.0,,,3.91,3.0,
1963-03-15,40.5,289.6,56721.0,57.5,12123.0,1468.0,,,3.92,3.0,
1963-04-15,40.5,295.5,58359.0,60.6,12149.0,1504.0,,,4.01,3.0,
1963-05-15,40.5,289.7,57237.0,66.9,12668.0,1576.0,,,3.91,3.0,
1963-06-15,40.7,285.7,56529.0,61.9,12059.0,1571.0,,,3.99,3.0,
1963-07-15,40.6,283.9,58384.0,60.1,12169.0,1542.0,,,4.02,3.0,
1963-08-15,40.6,291.9,55742.0,62.0,12594.0,1529.0,,,4.01,3.5,
1963-09-15,40.6,287.2,56897.0,59.8,12768.0,1650.0,,,4.09,3.5,
1963-10-15,40.7,284.4,58642.0,64.0,12811.0,1652.0,,,4.11,3.5,
1963-11-15,40.7,278.3,58385.0,63.7,12447.0,1585.0,,,4.11,3.5,
1963-12-15,40.6,303.4,59162.0,58.6,13017.0,1661.0,,,4.13,3.5,
1964-01-15,40.1,285.3,60419.0,61.3,14204.0,1513.0,76.64,,4.18,3.5,
1964-02-15,40.7,271.8,59556.0,61.8,12671.0,1684.0,77.48,,4.13,3.5,
1964-03-15,40.6,279.1,59505.0,61.7,13552.0,1532.0,79.14,,4.22,3.5,
1964-04-15,40.7,266.8,61907.0,63.6,13354.0,1475.0,80.09,,4.23,3.5,
1964-05-15,40.8,264.4,61107.0,59.9,14722.0,1516.0,81.1,,4.19,3.5,
1964-06-15,40.8,258.4,61202.0,64.7,15149.0,1494.0,79.97,,4.18,3.5,
1964-07-15,40.8,261.4,63118.0,69.9,13911.0,1522.0,83.34,,4.19,3.5,
1964-08-15,40.9,245.8,61369.0,68.0,14066.0,1525.0,82.35,,4.19,3.5,
1964-09-15,40.9,247.3,64328.0,63.3,13996.0,1476.0,83.0,,4.22,3.5,
1964-10-15,40.7,251.0,61575.0,58.9,14336.0,1437.0,84.25,,4.2,3.5,
1964-11-15,41.0,264.1,62856.0,60.7,14503.0,1463.0,85.21,,4.13,3.63,
1964-12-15,41.2,252.9,65136.0,64.4,14807.0,1358.0,83.22,,4.17,4.0,
1965-01-15,41.3,244.7,65755.0,62.3,14699.0,1475.0,86.21,,4.19,4.0,
1965-02-15,41.3,249.9,65915.0,63.2,14407.0,1383.0,86.07,,4.22,4.0,
1965-03-15,41.3,239.0,66850.0,68.7,15602.0,1414.0,87.24,,4.21,4.13,
1965-04-15,41.2,239.2,66979.0,59.8,15382.0,1356.0,88.15,,4.2,4.13,
1965-05-15,41.3,225.2,66671.0,60.2,14969.0,1409.0,90.1,,4.21,4.13,
1965-06-15,41.2,226.0,67118.0,57.4,15487.0,1448.0,84.49,,4.21,4.13,
1965-07-15,41.2,232.4,68633.0,56.6,15782.0,1444.0,85.72,,4.2,4.13,
1965-08-15,41.1,249.7,68695.0,56.0,15366.0,1458.0,86.77,,4.25,4.13,
1965-09-15,41.1,219.9,65331.0,63.6,15880.0,1432.0,89.52,,4.28,4.13,
1965-10-15,41.2,210.3,67618.0,62.0,16348.0,1493.0,91.38,,4.34,4.13,
1965-11-15,41.3,214.0,69965.0,61.9,16620.0,1525.0,92.63,,4.45,4.13,
1965-12-15,41.3,208.0,71354.0,62.9,17779.0,1535.0,92.02,,4.67,4.5,
1966-01-15,41.5,223.4,70972.0,66.5,16871.0,1546.0,93.5,,4.59,4.63,
1966-02-15,41.7,220.1,71927.0,66.1,18361.0,1353.0,93.17,,4.88,4.5,
1966-03-15,41.6,183.2,74491.0,64.3,18101.0,1441.0,87.35,,4.91,4.63,
1966-04-15,41.8,179.9,72873.0,64.3,18589.0,1337.0,91.99,,4.77,4.75,
1966-05-15,41.5,193.0,72126.0,52.7,18632.0,1259.0,85.47,,4.77,5.0,
1966-06-15,41.4,195.6,72517.0,55.9,18373.0,1116.0,86.73,,4.79,5.25,
1966-07-15,41.2,200.3,71177.0,56.3,19219.0,1089.0,87.08,,5.09,5.25,
1966-08-15,41.4,196.0,71194.0,53.3,17874.0,1024.0,82.74,,5.15,5.75,
1966-09-15,41.2,198.9,72451.0,55.2,18736.0,905.0,80.08,,5.25,6.0,
1966-10-15,41.3,204.0,72651.0,51.6,18310.0,862.0,76.6,,5.06,6.0,
1966-11-15,41.2,209.7,71019.0,46.8,17513.0,859.0,81.69,,5.21,6.0,
1966-12-15,40.9,220.9,70588.0,48.8,17600.0,867.0,81.64,,4.76,5.5,
1967-01-15,41.1,208.7,70239.0,46.2,14977.0,1125.0,84.53,,4.51,5.0,
1967-02-15,40.4,252.0,69829.0,45.1,15797.0,1025.0,88.27,,4.69,5.25,
1967-03-15,40.5,247.6,69332.0,45.3,15946.0,1078.0,89.19,,4.49,4.5,
1967-04-15,40.4,263.6,70075.0,46.4,16067.0,1171.0,90.43,,4.56,4.0,
1967-05-15,40.4,234.7,70511.0,47.6,16364.0,1215.0,92.71,,4.86,4.0,
1967-06-15,40.4,221.7,71085.0,51.8,16854.0,1321.0,92.49,,5.02,4.13,
1967-07-15,40.5,232.1,70789.0,53.7,17151.0,1330.0,92.74,,5.08,3.75,
1967-08-15,40.6,211.6,73839.0,55.4,17468.0,1389.0,94.77,,5.29,4.13,
1967-09-15,40.6,215.3,71469.0,62.0,16636.0,1445.0,96.27,,5.29,4.0,
1967-10-15,40.6,216.6,70647.0,55.8,16704.0,1446.0,96.0,,5.45,4.13,
1967-11-15,40.6,199.4,72934.0,57.0,16914.0,1465.0,91.76,,5.78,4.0,
1967-12-15,40.7,214.7,76771.0,59.4,17739.0,1486.0,95.03,,5.71,4.5,
1968-01-15,40.4,215.5,75461.0,60.1,22097.0,1332.0,96.42,,5.49,4.5,
1968-02-15,40.8,196.8,74396.0,56.6,18960.0,1516.0,90.3,,5.51,4.75,
1968-03-15,40.8,196.1,74255.0,55.7,19099.0,1547.0,89.1,,5.84,5.13,
1968-04-15,40.3,198.8,74138.0,64.5,19681.0,1454.0,96.59,,5.6,5.75,
1968-05-15,40.9,195.9,75590.0,56.2,19114.0,1465.0,98.07,,5.85,6.5,
1968-06-15,40.9,191.8,76154.0,54.3,19545.0,1469.0,101.13,,5.72,6.13,
1968-07-15,40.8,195.8,75365.0,54.5,21306.0,1519.0,102.26,,5.56,6.25,
1968-08-15,40.7,197.2,72319.0,53.8,20259.0,1533.0,98.07,,5.45,6.13,
1968-09-15,40.9,190.1,78238.0,55.4,19198.0,1655.0,100.86,,5.48,5.75,
1968-10-15,41.0,184.4,79179.0,58.5,22237.0,1606.0,103.53,,5.65,6.0,
1968-11-15,40.9,183.8,79456.0,61.3,19149.0,1622.0,105.78,,5.68,6.0,
1968-12-15,40.7,199.4,78301.0,56.7,19664.0,1571.0,107.58,,5.93,6.13,
1969-01-15,40.8,194.2,78599.0,54.4,19724.0,1649.0,101.62,,6.02,5.5,
1969-02-15,40.4,194.7,78529.0,57.9,22475.0,1689.0,103.61,,6.11,7.25,
1969-03-15,40.8,185.3,78391.0,59.3,22196.0,1624.0,98.0,,6.31,6.88,
1969-04-15,41.0,182.3,78386.0,54.4,26322.0,1627.0,101.53,,6.11,7.88,
1969-05-15,40.7,181.6,78340.0,57.6,22387.0,1502.0,105.85,,6.26,8.5,
1969-06-15,40.7,191.1,78388.0,52.7,21854.0,1525.0,98.65,,6.51,9.25,
1969-07-15,40.6,200.3,79137.0,49.8,21869.0,1444.0,94.24,,6.72,9.5,
1969-08-15,40.6,198.6,78862.0,51.5,21033.0,1489.0,94.0,,6.68,9.75,
1969-09-15,40.6,194.0,80282.0,50.4,25281.0,1427.0,94.87,,7.09,9.0,
1969-10-15,40.5,199.5,80146.0,51.9,21658.0,1374.0,95.72,,7.12,9.75,
1969-11-15,40.5,206.8,77052.0,50.6,22345.0,1346.0,97.07,,7.08,9.25,
1969-12-15,40.6,219.5,77027.0,48.0,22177.0,1306.0,90.54,,7.63,9.0,
1970-01-15,40.4,250.9,74090.0,45.8,21449.0,1200.0,91.68,,7.85,9.63,
1970-02-15,40.2,258.3,73359.0,45.8,21824.0,1263.0,86.54,,7.15,9.5,
1970-03-15,40.1,267.5,73025.0,45.2,18864.0,1279.0,87.86,,7.23,7.75,
1970-04-15,39.8,340.3,72255.0,45.7,19498.0,1383.0,86.73,,7.27,8.0,
1970-05-15,39.8,304.2,73045.0,45.3,19793.0,1502.0,76.9,,7.83,8.13,
1970-06-15,39.8,296.5,74686.0,53.2,18849.0,1494.0,74.38,,7.98,8.0,
1970-07-15,40.0,281.8,73435.0,52.5,19754.0,1497.0,75.23,,7.49,7.63,
1970-08-15,39.8,291.0,73388.0,51.8,19045.0,1576.0,75.18,,7.67,6.75,
1970-09-15,39.6,324.5,73113.0,44.2,18858.0,1611.0,81.36,,7.46,6.25,
1970-10-15,39.5,329.1,69095.0,44.7,18129.0,1768.0,84.65,,7.3,6.38,
1970-11-15,39.5,324.8,68937.0,43.3,18925.0,1697.0,83.37,,7.0,5.75,
1970-12-15,39.5,304.1,74541.0,51.2,20166.0,1996.0,89.66,,6.29,5.5,
1971-01-15,39.9,297.5,75916.0,55.4,17595.0,1857.0,93.03,,6.22,4.0,
1971-02-15,39.7,283.5,76219.0,62.8,20402.0,1794.0,98.43,,6.08,4.0,
1971-03-15,39.8,293.3,76316.0,56.2,20013.0,1988.0,100.71,,5.7,4.13,
1971-04-15,39.9,284.4,74762.0,59.6,18211.0,1973.0,103.52,,5.8,4.38,
1971-05-15,40.0,292.2,74714.0,57.0,19504.0,2229.0,102.21,,6.49,4.38,
1971-06-15,39.9,290.0,74512.0,57.9,19917.0,2151.0,100.32,,6.73,5.0,
1971-07-15,40.0,296.8,75123.0,57.8,18020.0,2338.0,99.28,,6.59,5.25,
1971-08-15,39.8,324.7,76969.0,58.4,20386.0,2265.0,95.69,,6.68,5.63,
1971-09-15,39.7,304.4,76005.0,61.0,18454.0,2255.0,99.77,,6.17,5.13,
1971-10-15,39.9,296.7,76204.0,61.4,19903.0,2289.0,97.79,,5.9,5.25,
1971-11-15,40.0,286.6,77913.0,55.4,19363.0,2349.0,91.81,,5.77,5.0,
1971-12-15,40.2,267.6,80120.0,63.5,19379.0,2410.0,98.54,,5.96,3.0,
1972-01-15,40.2,268.9,80955.0,64.8,20061.0,2487.0,103.39,,5.85,3.5,
1972-02-15,40.4,263.4,82138.0,66.0,22048.0,2410.0,105.03,,6.1,3.5,
1972-03-15,40.4,262.3,81710.0,64.6,22129.0,2339.0,108.55,,6.11,3.88,
1972-04-15,40.5,263.7,82278.0,63.0,22160.0,2377.0,109.84,,6.25,4.25,
1972-05-15,40.5,267.0,82708.0,66.9,21881.0,2297.0,106.86,,6.16,4.25,
1972-06-15,40.6,293.9,84215.0,62.1,23041.0,2425.0,108.44,,6.1,4.44,
1972-07-15,40.5,283.6,81913.0,64.7,23652.0,2438.0,106.81,,6.1,4.56,
1972-08-15,40.6,255.0,86413.0,65.1,22297.0,2514.0,112.06,,6.17,4.81,
1972-09-15,40.6,255.2,88767.0,69.3,24699.0,2658.0,108.81,,6.56,4.88,
1972-10-15,40.7,250.4,88820.0,70.8,24100.0,2616.0,107.92,,6.5,4.94,
1972-11-15,40.7,243.1,90852.0,73.0,24797.0,2483.0,114.5,,6.23,3.5,
1972-12-15,40.6,246.3,93478.0,71.9,26885.0,2688.0,118.26,,6.35,5.38,
1973-01-15,40.4,228.3,95559.0,73.8,25730.0,2523.0,118.44,,6.44,5.88,
1973-02-15,40.9,220.5,97268.0,69.0,25115.0,2473.0,114.45,,6.62,7.0,
1973-03-15,40.9,227.2,97279.0,68.8,27013.0,2291.0,114.12,,6.73,7.25,
1973-04-15,40.8,238.5,93995.0,65.9,29180.0,2120.0,112.08,,6.63,6.88,
1973-05-15,40.7,235.5,94552.0,63.5,27555.0,2145.0,106.57,,6.86,7.63,
1973-06-15,40.7,240.0,93551.0,61.0,27528.0,2278.0,105.1,,6.86,8.5,
1973-07-15,40.7,242.3,92742.0,49.2,28240.0,2021.0,104.09,,7.05,9.69,
1973-08-15,40.6,254.1,92154.0,59.1,27451.0,2010.0,103.01,,7.45,9.73,
1973-09-15,40.7,247.4,91554.0,60.0,27733.0,1894.0,104.44,,7.21,10.82,
1973-10-15,40.6,241.3,93090.0,65.4,30282.0,1569.0,110.05,,6.77,10.0,
1973-11-15,40.6,255.7,94632.0,65.2,30713.0,1557.0,102.43,,6.76,10.0,
1973-12-15,40.6,290.5,92252.0,59.0,30501.0,1431.0,93.29,,6.68,10.09,
1974-01-15,40.5,313.3,93790.0,55.7,29992.0,1478.0,94.23,,6.99,9.82,
1974-02-15,40.4,317.9,93230.0,56.0,31464.0,1511.0,92.27,,6.93,8.99,
1974-03-15,40.4,313.7,91883.0,58.0,32348.0,1600.0,99.28,,7.18,9.35,
1974-04-15,39.5,292.4,92021.0,56.4,30733.0,1393.0,92.05,,7.42,10.36,
1974-05-15,40.3,294.9,94707.0,51.6,29568.0,1264.0,90.45,,7.55,11.36,
1974-06-15,40.2,311.9,93345.0,51.9,29393.0,1207.0,91.3,,7.5,12.11,
1974-07-15,40.1,309.0,91513.0,52.6,33308.0,1113.0,83.78,,7.86,13.33,
1974-08-15,40.2,342.4,90217.0,50.2,30260.0,1019.0,76.3,,8.02,12.21,
1974-09-15,40.0,360.2,87440.0,41.2,28593.0,933.0,65.2,,8.13,11.61,
1974-10-15,40.0,404.7,85637.0,36.5,25411.0,915.0,71.44,,7.87,10.35,
1974-11-15,39.5,470.2,82205.0,33.1,24280.0,870.0,71.91,,7.61,9.27,
1974-12-15,39.3,523.7,76125.0,27.9,23520.0,965.0,67.07,,7.38,8.75,
1975-01-15,39.2,560.6,74985.0,32.8,24861.0,807.0,72.14,,7.54,7.19,
1975-02-15,38.9,541.0,74527.0,40.0,22106.0,810.0,81.5,,7.35,6.29,
1975-03-15,38.8,546.3,72104.0,37.0,20610.0,788.0,84.76,,7.58,5.44,
1975-04-15,39.0,516.4,74829.0,42.6,22998.0,962.0,86.3,,8.16,5.48,
1975-05-15,39.0,496.3,75369.0,47.2,21002.0,1016.0,91.41,,8.02,5.09,
1975-06-15,39.2,495.0,76419.0,54.9,20684.0,1051.0,90.52,,7.69,5.2,
1975-07-15,39.4,449.0,79897.0,58.4,21477.0,1133.0,95.61,,7.98,5.92,
1975-08-15,39.7,451.1,81435.0,60.3,22060.0,1105.0,86.36,,8.48,6.05,
1975-09-15,39.8,444.9,81707.0,60.4,20971.0,1182.0,82.88,,8.58,6.41,
1975-10-15,39.9,417.6,82254.0,64.2,21420.0,1217.0,89.23,,8.19,5.95,
1975-11-15,39.9,396.8,81716.0,62.2,21028.0,1233.0,90.97,,8.06,5.18,
1975-12-15,40.2,373.9,82495.0,63.1,20091.0,1212.0,88.09,,8.06,5.23,
1976-01-15,40.3,373.1,84600.0,63.8,21310.0,1328.0,96.61,,7.73,4.81,
1976-02-15,40.4,348.0,86316.0,68.7,22960.0,1323.0,99.67,,7.82,4.8,
1976-03-15,40.2,360.2,88156.0,61.6,21553.0,1293.0,99.8,,7.74,4.81,
1976-04-15,39.6,371.3,87467.0,65.2,23879.0,1258.0,100.67,,7.47,4.77,
1976-05-15,40.3,392.7,88295.0,62.3,22755.0,1327.0,101.34,,7.93,5.21,
1976-06-15,40.2,396.3,88185.0,60.6,22782.0,1320.0,101.46,,7.85,5.58,
1976-07-15,40.3,389.8,88283.0,58.0,26255.0,1383.0,105.2,,7.77,5.25,
1976-08-15,40.2,388.1,88658.0,57.7,23552.0,1455.0,104.25,,7.78,5.24,
1976-09-15,40.2,403.3,88573.0,55.3,23754.0,1646.0,104.25,,7.62,5.15,
1976-10-15,40.0,408.7,87237.0,57.0,24245.0,1583.0,100.85,,7.31,4.93,
1976-11-15,40.1,389.3,90684.0,55.7,23640.0,1701.0,99.9,,7.41,5.09,
1976-12-15,39.9,368.0,93296.0,58.9,25328.0,1679.0,105.14,,6.88,4.73,
1977-01-15,39.4,407.1,93885.0,57.2,24929.0,1607.0,104.01,,7.28,4.6,
1977-02-15,40.2,450.3,95070.0,56.8,24483.0,1734.0,101.04,,7.36,4.68,
1977-03-15,40.3,356.9,98752.0,63.5,24810.0,1844.0,101.98,,7.44,4.61,
1977-04-15,40.4,371.3,96065.0,60.3,25253.0,1844.0,101.04,,7.25,4.7,
1977-05-15,40.5,379.6,97170.0,64.5,25511.0,1853.0,99.03,,7.48,5.33,
1977-06-15,40.5,357.4,98021.0,58.1,25983.0,1946.0,99.61,,7.23,5.54,
1977-07-15,40.4,364.1,97757.0,58.9,25732.0,1874.0,100.18,,7.31,5.32,
1977-08-15,40.4,366.7,98581.0,58.8,26017.0,1978.0,98.18,,7.48,6.01,
1977-09-15,40.4,361.5,98567.0,57.0,27151.0,1860.0,96.8,,7.33,6.13,
1977-10-15,40.6,361.5,98146.0,57.1,26786.0,1953.0,93.56,,7.54,6.48,
1977-11-15,40.5,353.0,100027.0,59.2,26754.0,1969.0,95.93,,7.56,6.52,
1977-12-15,40.4,357.4,100986.0,60.7,27328.0,1949.0,93.55,,7.67,6.52,
1978-01-15,39.5,350.6,96181.0,60.6,25825.0,1812.0,89.69,,7.98,6.78,0.7
1978-02-15,39.9,381.5,98691.0,56.2,28257.0,1808.0,88.83,,8.08,6.92,0.6
1978-03-15,40.5,342.9,100134.0,56.6,28216.0,1873.0,89.12,,8.0,6.77,0.2
1978-04-15,40.4,323.7,105240.0,60.2,29708.0,2028.0,92.92,,8.12,6.76,0.5
1978-05-15,40.4,326.3,103885.0,63.9,31215.0,1839.0,98.76,,8.35,7.41,0.0
1978-06-15,40.6,333.3,104355.0,63.6,29524.0,2065.0,98.34,,8.41,7.51,0.1
1978-07-15,40.6,350.6,102529.0,64.7,29497.0,1860.0,97.58,,8.68,7.77,0.0
1978-08-15,40.5,335.3,103700.0,61.3,30707.0,1761.0,103.85,,8.46,7.9,-0.3
1978-09-15,40.5,324.3,102822.0,61.3,31103.0,1824.0,104.12,,8.35,8.35,-0.2
1978-10-15,40.5,327.8,104120.0,58.8,32335.0,1855.0,104.66,,8.52,8.73,0.2
1978-11-15,40.6,344.9,104720.0,61.9,29735.0,1869.0,92.71,,8.76,9.46,-1.0
1978-12-15,40.5,349.7,105855.0,59.9,29872.0,1894.0,95.33,,9.0,9.83,-1.2
1979-01-15,40.4,357.2,104735.0,57.3,30599.0,1521.0,100.69,,9.15,10.17,-1.2
1979-02-15,40.5,359.8,102776.0,58.6,31801.0,1553.0,98.73,,9.12,10.07,-0.8
1979-03-15,40.6,358.6,105987.0,56.7,37002.0,1791.0,99.86,,9.14,10.14,-1.6
1979-04-15,39.3,415.2,102119.0,55.1,30634.0,1663.0,102.0,,9.2,9.83,-1.5
1979-05-15,40.2,343.3,104010.0,52.1,31651.0,1754.0,98.14,,9.32,10.28,-1.6
1979-06-15,40.2,365.0,103656.0,49.4,30495.0,1708.0,102.09,,8.96,10.31,-1.9
1979-07-15,40.2,379.1,101209.0,49.8,30079.0,1598.0,102.32,,8.94,10.32,-2.5
1979-08-15,40.1,387.3,98672.0,46.9,30542.0,1657.0,108.25,,9.0,10.97,-2.4
1979-09-15,40.1,384.8,99100.0,48.7,30490.0,1705.0,108.76,,9.29,11.36,-2.0
1979-10-15,40.2,401.7,97690.0,47.3,32229.0,1542.0,103.36,,10.31,13.65,-1.9
1979-11-15,40.1,417.9,96622.0,46.5,31444.0,1329.0,104.13,,10.62,13.43,-1.9
1979-12-15,40.1,430.8,96359.0,44.3,29842.0,1306.0,108.92,,10.45,13.96,-1.8
1980-01-15,40.0,416.6,96598.0,47.1,32650.0,1333.0,111.14,,10.65,13.55,-1.8
1980-02-15,40.1,419.0,98304.0,51.6,31073.0,1249.0,115.41,,12.2,14.67,-1.8
1980-03-15,39.9,439.5,93417.0,43.8,30340.0,1029.0,105.43,,12.52,16.29,-2.2
1980-04-15,39.8,556.3,87793.0,32.0,25858.0,842.0,102.63,,11.57,18.35,-3.0
1980-05-15,39.3,626.4,83655.0,25.6,26046.0,896.0,106.99,,10.31,11.15,-2.9
1980-06-15,39.2,606.2,84122.0,24.2,27345.0,1165.0,115.81,,9.51,8.6,-2.3
1980-07-15,39.1,556.6,86328.0,36.1,30422.0,1311.0,119.3,,10.17,9.09,-1.7
1980-08-15,39.5,517.4,88308.0,54.1,28151.0,1424.0,125.72,,10.86,9.05,-1.1
1980-09-15,39.6,482.0,92850.0,53.9,29319.0,1545.0,125.67,,11.62,10.96,-0.4
1980-10-15,39.8,426.5,96522.0,63.7,29358.0,1423.0,133.7,,11.29,11.69,-0.3
1980-11-15,39.9,410.6,95311.0,65.3,27715.0,1440.0,137.15,,12.79,14.23,0.1
1980-12-15,40.1,409.6,96020.0,51.2,31038.0,1300.0,129.45,,13.25,19.62,-0.8
1981-01-15,40.1,413.7,90881.0,48.7,30388.0,1272.0,134.22,,12.62,19.52,-0.8
1981-02-15,39.8,428.3,94469.0,51.1,29056.0,1249.0,126.98,,13.65,16.2,-1.2
1981-03-15,40.0,407.2,94230.0,50.2,29578.0,1232.0,133.11,,12.86,14.28,-0.8
1981-04-15,40.1,408.8,95435.0,53.1,31785.0,1239.0,134.17,,13.74,14.56,-0.3
1981-05-15,40.2,416.8,95807.0,55.7,28231.0,1221.0,132.17,,14.07,18.49,0.0
1981-06-15,40.0,432.4,95842.0,51.0,30089.0,1017.0,133.61,,13.09,18.83,-0.1
1981-07-15,39.9,434.5,94831.0,47.6,28671.0,974.0,130.25,,14.07,17.72,-0.3
1981-08-15,40.0,443.5,91856.0,47.2,28930.0,926.0,132.49,,14.74,17.53,0.0
1981-09-15,39.6,476.9,90219.0,42.2,27356.0,882.0,119.77,,15.08,15.78,-0.6
1981-10-15,39.6,493.3,87707.0,40.2,26678.0,762.0,119.71,,14.88,15.17,-1.0
1981-11-15,39.4,511.3,85923.0,32.8,27613.0,779.0,121.67,,13.18,13.08,-1.4
1981-12-15,39.2,534.8,84940.0,39.1,25365.0,829.0,122.99,,13.55,12.25,-1.3
1982-01-15,37.3,545.2,84736.0,39.9,26024.0,827.0,116.33,,14.82,12.47,-1.0
1982-02-15,39.6,533.7,85586.0,38.6,26434.0,842.0,114.38,,14.71,15.54,-1.4
1982-03-15,39.1,556.5,87129.0,40.4,25336.0,928.0,109.45,,13.96,15.21,-1.7
1982-04-15,39.1,586.7,86345.0,40.9,25537.0,925.0,116.35,,13.91,15.81,-1.1
1982-05-15,39.1,585.8,87035.0,38.1,22684.0,992.0,118.01,,13.48,14.52,-1.0
1982-06-15,39.2,596.9,86422.0,42.0,22063.0,951.0,109.96,,14.21,14.5,-1.2
1982-07-15,39.2,569.7,86892.0,40.7,22582.0,1088.0,110.47,,13.96,13.07,-1.0
1982-08-15,39.0,629.6,84966.0,40.1,21356.0,964.0,103.85,,13.2,10.38,-1.1
1982-09-15,39.0,671.7,85981.0,40.4,22143.0,1086.0,124.29,,12.6,10.63,-0.6
1982-10-15,38.9,641.8,82255.0,41.9,23626.0,1197.0,133.57,,10.75,9.43,-0.8
1982-11-15,39.0,594.4,82324.0,41.5,21716.0,1280.0,137.03,,10.65,9.82,-0.6
1982-12-15,39.0,517.9,82444.0,46.0,20990.0,1407.0,135.24,,10.5,9.13,-0.6
1983-01-15,39.3,492.8,86836.0,50.3,21375.0,1485.0,146.65,,10.28,8.43,-0.5
1983-02-15,39.3,488.7,87798.0,60.6,21297.0,1532.0,148.3,,10.84,8.6,0.1
1983-03-15,39.6,479.3,87688.0,60.8,23424.0,1536.0,151.36,,10.46,8.82,1.1
1983-04-15,39.7,497.0,89345.0,59.4,23261.0,1630.0,158.75,,10.33,8.73,1.3
1983-05-15,40.0,468.1,91798.0,61.8,23233.0,1738.0,164.9,,10.22,8.39,1.8
1983-06-15,40.1,435.1,94270.0,62.3,23975.0,1842.0,167.12,,10.72,9.1,1.6
1983-07-15,40.3,404.3,95320.0,70.3,23287.0,1869.0,164.29,,11.51,9.39,1.5
1983-08-15,40.3,435.9,96511.0,68.1,23998.0,1784.0,163.71,,11.76,9.85,1.4
1983-09-15,40.6,409.1,97289.0,66.9,26853.0,1651.0,164.38,,11.82,9.66,1.2
1983-10-15,40.6,399.5,100248.0,69.5,27144.0,1787.0,169.86,,11.58,9.31,1.2
1983-11-15,40.6,385.1,101101.0,69.2,24947.0,1737.0,165.36,,11.7,9.5,1.4
1983-12-15,40.5,369.8,102336.0,74.8,25301.0,1694.0,161.67,,11.96,9.94,1.7
1984-01-15,40.6,350.9,103216.0,63.7,27101.0,1867.0,167.02,,11.59,9.4,2.0
1984-02-15,41.1,340.5,103087.0,64.9,27093.0,2043.0,156.25,,11.81,9.83,1.4
1984-03-15,40.7,345.5,101612.0,60.9,27663.0,1773.0,157.41,,12.31,10.09,1.5
1984-04-15,40.8,369.4,101939.0,63.2,26603.0,1826.0,157.31,,12.57,10.24,1.5
1984-05-15,40.7,357.7,101458.0,59.2,29482.0,1790.0,158.0,,13.48,10.55,1.2
1984-06-15,40.6,362.9,100098.0,60.5,28006.0,1865.0,149.03,,13.21,11.33,1.1
1984-07-15,40.6,360.3,102840.0,54.1,28513.0,1650.0,150.88,,13.3,11.0,1.0
1984-08-15,40.5,390.1,102226.0,54.0,27797.0,1573.0,162.8,,12.74,11.82,1.1
1984-09-15,40.5,398.0,98559.0,47.2,27116.0,1566.0,168.78,,12.42,11.38,1.1
1984-10-15,40.5,419.3,100013.0,52.9,28053.0,1532.0,165.77,,12.34,10.54,1.0
1984-11-15,40.4,401.3,100292.0,52.0,28124.0,1689.0,165.89,,11.73,9.62,1.0
1984-12-15,40.5,381.7,101309.0,52.8,27299.0,1672.0,162.69,,11.56,8.26,0.8
1985-01-15,40.3,374.9,102063.0,51.8,27136.0,1706.0,170.81,,11.49,8.03,1.0
1985-02-15,40.1,388.7,100406.0,51.8,31874.0,1709.0,181.6,,11.38,8.53,1.0
1985-03-15,40.4,382.6,100830.0,49.1,29525.0,1775.0,176.53,,11.93,8.81,0.8
1985-04-15,40.5,398.2,100646.0,51.3,26704.0,1711.0,180.92,,11.37,8.57,1.0
1985-05-15,40.4,393.5,102150.0,49.5,27515.0,1757.0,184.54,,10.89,8.17,0.7
1985-06-15,40.5,392.4,101413.0,50.7,27961.0,1764.0,187.1,,9.98,7.27,1.0
1985-07-15,40.4,378.1,101558.0,52.5,27406.0,1745.0,192.72,,10.22,7.71,0.9
1985-08-15,40.6,403.6,102641.0,51.8,27398.0,1859.0,187.26,,10.36,8.53,0.8
1985-09-15,40.6,408.2,102726.0,54.6,28407.0,1970.0,182.91,,10.4,7.77,0.5
1985-10-15,40.7,404.2,102887.0,53.4,28011.0,1792.0,186.08,,10.3,8.16,0.3
1985-11-15,40.7,392.3,102786.0,57.2,28174.0,1739.0,198.11,,9.92,8.58,0.5
1985-12-15,40.9,385.1,102716.0,54.8,26728.0,1844.0,209.94,,9.21,7.84,0.7
1986-01-15,40.7,367.1,105369.0,56.7,26829.0,1899.0,208.26,,9.31,8.04,0.7
1986-02-15,40.7,372.0,104225.0,57.1,28528.0,1816.0,219.76,,8.68,7.75,0.7
1986-03-15,40.7,382.9,101526.0,54.5,25945.0,1830.0,236.55,,7.72,7.39,0.7
1986-04-15,40.5,388.7,104533.0,54.4,25725.0,1910.0,237.73,,7.22,7.07,0.9
1986-05-15,40.7,384.6,102448.0,61.1,24990.0,1847.0,234.43,,7.79,7.0,0.9
1986-06-15,40.7,370.6,104634.0,55.3,27489.0,1840.0,245.73,,7.73,6.84,1.0
1986-07-15,40.6,373.1,103200.0,51.2,25652.0,1830.0,233.66,,7.16,6.39,0.7
1986-08-15,40.7,405.1,104328.0,58.4,26072.0,1774.0,247.15,,7.14,6.47,0.5
1986-09-15,40.7,395.5,106395.0,57.3,26535.0,1733.0,231.94,,7.53,5.97,0.3
1986-10-15,40.6,376.6,105404.0,54.5,25094.0,1722.0,238.8,,7.51,5.93,0.3
1986-11-15,40.7,363.1,104000.0,57.0,25397.0,1690.0,244.5,,7.29,5.89,0.5
1986-12-15,40.8,358.4,107929.0,55.4,25719.0,1956.0,248.21,,7.15,6.53,0.1
1987-01-15,40.8,351.4,104818.0,59.8,25846.0,1737.0,265.49,,7.08,6.01,0.2
1987-02-15,41.2,348.7,110223.0,55.4,26266.0,1736.0,279.7,,7.28,6.1,0.4
1987-03-15,41.0,333.3,110365.0,61.6,25205.0,1752.0,289.89,,7.19,6.05,0.5
1987-04-15,40.8,336.2,109115.0,59.8,26586.0,1646.0,284.44,,8.1,6.45,0.7
1987-05-15,41.0,331.1,108920.0,63.4,26520.0,1542.0,287.43,,8.8,6.84,0.7
1987-06-15,40.9,322.0,110323.0,61.2,28618.0,1565.0,303.14,,8.28,6.85,0.4
1987-07-15,41.0,324.8,111271.0,64.0,28079.0,1558.0,310.42,,8.43,6.38,0.7
1987-08-15,40.9,320.2,108883.0,62.7,26629.0,1553.0,333.99,,8.58,6.75,1.0
1987-09-15,40.8,305.8,110932.0,62.1,28192.0,1556.0,317.74,,9.44,7.42,1.0
1987-10-15,41.1,299.9,111334.0,65.3,28323.0,1488.0,298.08,,10.18,7.76,0.6
1987-11-15,41.0,306.9,111389.0,59.3,27939.0,1498.0,245.64,,8.84,6.8,-0.3
1987-12-15,41.0,317.7,111231.0,61.5,28646.0,1383.0,242.8,,9.09,6.51,0.2
1988-01-15,41.1,340.5,109336.0,60.3,30287.0,1279.0,252.05,,8.6,6.89,0.5
1988-02-15,41.1,318.9,111436.0,57.0,29630.0,1478.0,257.63,,8.28,6.59,0.5
1988-03-15,40.9,306.0,112149.0,57.9,30155.0,1568.0,266.13,,8.3,6.6,0.7
1988-04-15,41.0,313.2,111652.0,57.6,29567.0,1469.0,259.77,,8.74,6.87,0.9
1988-05-15,41.0,314.1,112790.0,57.7,29579.0,1484.0,256.78,,9.0,7.14,1.2
1988-06-15,41.1,307.0,113871.0,63.6,28862.0,1527.0,274.45,,8.71,7.75,0.9
1988-07-15,41.1,325.9,112694.0,60.6,30491.0,1479.0,272.05,,9.08,7.87,0.3
1988-08-15,40.9,314.9,112095.0,59.2,31895.0,1501.0,258.69,,9.37,8.41,0.9
1988-09-15,41.0,300.9,113462.0,58.6,30937.0,1476.0,268.13,,8.91,8.24,0.5
1988-10-15,41.1,291.4,113413.0,57.2,29581.0,1558.0,275.5,,8.81,8.14,1.0
1988-11-15,41.1,293.5,114164.0,58.4,29491.0,1550.0,268.34,,8.92,8.44,0.6
1988-12-15,40.9,291.9,118132.0,59.0,29054.0,1543.0,274.28,,9.19,8.81,0.7
1989-01-15,41.1,289.9,117042.0,57.3,30422.0,1507.0,283.87,,9.06,9.1,0.8
1989-02-15,41.2,313.1,115768.0,57.3,30644.0,1422.0,294.24,,9.22,9.4,1.0
1989-03-15,41.1,321.3,112820.0,52.0,29538.0,1248.0,296.67,,9.31,9.84,0.7
1989-04-15,41.1,308.7,115029.0,53.1,29537.0,1415.0,301.36,,9.18,9.83,0.4
1989-05-15,41.0,324.3,112887.0,50.7,29504.0,1420.0,316.16,,8.82,9.79,0.4
1989-06-15,40.9,338.7,113102.0,45.6,32452.0,1359.0,320.08,,8.33,9.46,0.6
1989-07-15,40.9,339.7,109141.0,45.8,27602.0,1319.0,331.84,,8.04,9.22,0.7
1989-08-15,40.9,332.3,112727.0,45.2,27840.0,1371.0,344.71,,8.21,9.19,0.4
1989-09-15,40.8,337.7,113129.0,46.0,29682.0,1351.0,345.06,,8.09,9.02,0.8
1989-10-15,40.8,363.4,110723.0,49.3,26989.0,1403.0,333.62,,7.87,8.81,0.8
1989-11-15,40.7,339.4,112632.0,49.3,28627.0,1382.0,340.54,,7.82,8.73,0.5
1989-12-15,40.5,357.9,112936.0,50.4,29766.0,1462.0,350.06,,7.8,8.56,0.5
1990-01-15,40.5,360.8,108998.0,49.1,29748.0,1797.0,337.0,,8.1,8.16,0.4
1990-02-15,40.6,354.0,113094.0,52.5,29769.0,1366.0,334.89,,8.43,8.32,0.1
1990-03-15,40.6,343.9,115394.0,52.3,29139.0,1281.0,338.07,,8.66,8.29,0.3
1990-04-15,40.5,361.6,113067.0,53.7,29035.0,1168.0,344.34,,8.64,8.18,0.3
1990-05-15,40.6,358.8,115053.0,51.7,28937.0,1097.0,354.28,1.666,8.65,8.34,0.3
1990-06-15,40.7,360.9,114782.0,52.0,28694.0,1139.0,362.91,1.223,8.46,8.29,0.0
1990-07-15,40.6,367.0,113494.0,46.7,29821.0,1108.0,367.31,1.02,8.45,8.18,-0.2
1990-08-15,40.5,389.8,115321.0,45.5,27776.0,1099.0,340.06,2.754,8.64,8.28,-1.5
1990-09-15,40.5,394.7,112430.0,44.9,29033.0,1003.0,316.83,3.005,8.87,7.93,-1.7
1990-10-15,40.4,425.4,112585.0,43.1,29571.0,951.0,303.23,3.644,8.8,8.07,-2.4
1990-11-15,40.2,452.1,109064.0,40.4,26762.0,967.0,317.02,3.264,8.37,8.12,-2.5
1990-12-15,40.3,456.2,105553.0,38.5,28053.0,885.0,326.82,2.709,8.05,7.29,-2.3
1991-01-15,40.2,456.8,106712.0,38.1,27657.0,808.0,313.73,3.193,8.22,6.89,-2.3
1991-02-15,40.1,485.5,106367.0,39.2,26908.0,877.0,369.06,0.827,7.78,6.02,-1.8
1991-03-15,40.0,501.3,103339.0,42.4,24993.0,937.0,373.59,0.404,8.1,5.96,0.6
1991-04-15,40.1,467.1,108996.0,46.1,26052.0,942.0,381.19,0.126,7.95,6.04,0.4
1991-05-15,40.2,442.1,111151.0,48.9,26677.0,1019.0,368.57,0.491,8.13,6.01,-0.1
1991-06-15,40.5,427.7,108790.0,58.4,24855.0,991.0,382.29,0.454,8.29,5.71,0.5
1991-07-15,40.5,418.6,113831.0,55.6,27081.0,1000.0,382.39,0.828,8.26,5.96,0.4
1991-08-15,40.6,430.1,112853.0,60.1,26138.0,970.0,389.33,-0.382,7.84,5.77,0.2
1991-09-15,40.6,424.6,114123.0,60.7,27417.0,1001.0,383.59,-0.065,7.66,5.31,0.2
1991-10-15,40.6,428.4,113530.0,58.0,26160.0,1019.0,391.01,0.676,7.46,5.58,-0.5
1991-11-15,40.7,445.0,113634.0,53.5,26215.0,1012.0,382.62,0.178,7.33,4.98,-1.3
1991-12-15,40.7,456.6,110231.0,49.5,25471.0,1091.0,384.47,0.106,7.22,4.42,-1.1
1992-01-15,40.6,441.0,111472.0,49.6,27832.0,1107.0,420.77,-0.241,7.05,4.04,-1.5
1992-02-15,40.7,442.7,112128.0,58.3,26389.0,1178.0,412.48,-0.926,7.41,4.0,-1.5
1992-03-15,40.7,429.5,117485.0,63.3,27417.0,1112.0,405.84,-0.773,7.71,3.85,-0.4
1992-04-15,40.9,422.9,118747.0,59.1,27901.0,1084.0,416.28,-0.392,7.37,4.02,0.0
1992-05-15,40.9,414.0,119132.0,60.9,28536.0,1086.0,410.09,-1.211,7.28,3.96,0.3
1992-06-15,40.8,419.0,120876.0,59.8,28423.0,1087.0,410.29,-0.878,7.28,3.88,0.1
1992-07-15,40.8,446.8,120270.0,59.5,28373.0,1119.0,417.1,-0.813,6.9,3.38,-0.5
1992-08-15,40.8,403.0,119016.0,58.8,27922.0,1105.0,419.91,-0.777,6.53,3.22,-0.6
1992-09-15,40.7,412.5,119087.0,51.1,29080.0,1145.0,419.77,-0.455,6.4,3.2,-0.8
1992-10-15,40.8,372.7,117942.0,53.8,28271.0,1164.0,409.6,0.954,6.53,3.4,-0.9
1992-11-15,40.9,362.0,119835.0,58.8,28925.0,1149.0,422.43,0.059,6.82,2.85,0.0
1992-12-15,40.9,336.4,121138.0,61.0,29496.0,1209.0,432.57,-0.467,6.83,3.17,1.1
1993-01-15,41.1,346.9,120933.0,63.0,28406.0,1210.0,437.15,-0.939,6.6,2.96,0.7
1993-02-15,41.1,338.4,121795.0,59.7,28280.0,1180.0,444.58,-1.304,6.35,2.95,0.1
1993-03-15,40.8,351.0,122153.0,58.1,28186.0,1086.0,451.43,-1.34,6.17,3.16,-0.3
1993-04-15,41.4,349.2,120441.0,53.0,28779.0,1135.0,448.4,-0.957,5.88,3.15,-0.2
1993-05-15,41.0,343.8,122071.0,55.2,28864.0,1143.0,439.56,-0.673,6.03,2.94,-0.8
1993-06-15,40.9,340.4,123468.0,51.6,29276.0,1162.0,446.27,-0.961,5.96,3.14,-0.7
1993-07-15,41.1,355.1,119897.0,53.8,29593.0,1207.0,449.22,-1.146,5.72,3.13,-0.9
1993-08-15,41.1,341.0,120352.0,55.3,29870.0,1264.0,450.14,-2.127,5.72,3.0,-1.1
1993-09-15,41.3,338.5,122787.0,52.6,29846.0,1286.0,461.6,-1.556,5.39,3.38,-0.9
1993-10-15,41.3,354.0,124743.0,58.9,30766.0,1323.0,469.5,-1.314,5.19,2.97,-0.8
1993-11-15,41.3,340.9,123931.0,60.4,30485.0,1395.0,463.75,-1.113,5.69,3.23,-0.6
1993-12-15,41.4,324.0,125645.0,62.4,32701.0,1502.0,461.84,-0.999,5.83,3.06,0.4
1994-01-15,41.4,363.7,126880.0,63.5,29948.0,1390.0,474.91,-1.511,5.78,2.95,0.8
1994-02-15,40.9,348.5,127695.0,62.2,31357.0,1269.0,472.52,-1.543,5.88,3.49,0.4
1994-03-15,41.7,334.1,129810.0,62.8,30941.0,1342.0,467.01,-0.736,6.47,3.25,0.6
1994-04-15,41.8,344.5,130308.0,62.7,32156.0,1392.0,446.18,0.021,6.97,3.51,0.6
1994-05-15,41.8,358.9,131370.0,61.6,31953.0,1396.0,444.14,-0.115,7.29,3.84,0.6
1994-06-15,41.8,337.2,131231.0,65.0,33176.0,1357.0,460.61,-0.45,7.1,4.3,0.5
1994-07-15,41.8,344.4,131628.0,64.2,32750.0,1335.0,454.16,-0.829,7.25,4.22,0.2
1994-08-15,41.7,336.2,132572.0,63.0,32991.0,1377.0,461.23,-1.146,7.3,4.5,0.2
1994-09-15,41.6,328.0,132343.0,62.7,32993.0,1412.0,474.81,-0.659,7.35,4.79,0.2
1994-10-15,41.8,334.1,133209.0,63.0,34196.0,1397.0,469.1,0.067,7.61,4.71,0.3
1994-11-15,41.8,326.9,132839.0,61.5,34158.0,1340.0,465.03,0.525,7.92,5.59,0.6
1994-12-15,41.8,323.1,136117.0,58.9,34237.0,1396.0,455.34,0.798,7.79,5.61,0.8
1995-01-15,41.8,333.3,135222.0,59.7,34895.0,1282.0,465.97,-0.559,7.69,5.47,0.8
1995-02-15,41.7,341.2,134433.0,56.6,34021.0,1254.0,484.54,-0.298,7.45,5.95,0.3
1995-03-15,41.5,339.3,133007.0,51.9,33918.0,1226.0,491.88,-1.282,7.09,6.06,0.2
1995-04-15,41.0,353.8,132936.0,52.2,34344.0,1259.0,509.23,-1.477,7.03,6.09,0.5
1995-05-15,41.1,370.2,131133.0,44.0,35459.0,1271.0,527.74,-0.806,6.62,6.17,0.2
1995-06-15,41.2,364.6,130886.0,43.5,35117.0,1305.0,537.12,-1.096,6.18,6.1,0.2
1995-07-15,41.1,375.7,131312.0,52.7,33573.0,1354.0,559.89,-0.98,6.15,5.68,0.4
1995-08-15,41.2,357.1,133128.0,46.5,34673.0,1386.0,558.57,-1.257,6.57,5.9,0.5
1995-09-15,41.2,363.7,133379.0,49.4,36134.0,1421.0,583.35,-1.376,6.11,5.8,0.2
1995-10-15,41.2,371.4,133530.0,47.5,36543.0,1400.0,584.5,-0.215,5.97,5.7,0.3
1995-11-15,41.3,375.3,132436.0,48.6,36086.0,1430.0,593.96,-1.078,6.0,5.94,0.3
1995-12-15,40.9,363.0,135277.0,45.9,37117.0,1442.0,616.34,-0.432,5.75,5.78,0.3
1996-01-15,39.7,373.9,131466.0,44.1,34733.0,1387.0,599.82,-0.116,5.75,5.5,-0.2
1996-02-15,41.3,375.9,127477.0,46.1,35614.0,1420.0,651.32,-1.509,5.7,5.36,0.1
1996-03-15,41.1,391.2,133555.0,49.1,36046.0,1437.0,641.43,-0.989,6.46,5.42,0.5
1996-04-15,41.2,359.2,135376.0,52.3,34806.0,1463.0,642.49,-0.89,6.47,5.33,0.5
1996-05-15,41.4,345.0,137039.0,51.7,36518.0,1457.0,665.42,-1.561,6.65,5.47,0.2
1996-06-15,41.5,342.8,139234.0,59.4,37251.0,1429.0,665.85,-0.94,6.95,5.3,0.3
1996-07-15,41.4,336.7,139373.0,51.9,36884.0,1450.0,629.8,0.319,6.89,5.42,0.5
1996-08-15,41.5,333.4,138271.0,54.6,36638.0,1413.0,662.28,-0.832,6.62,5.48,0.7
1996-09-15,41.6,342.7,139841.0,54.6,36000.0,1392.0,680.54,-0.955,6.74,5.29,0.7
1996-10-15,41.4,338.7,138595.0,52.9,37947.0,1358.0,702.57,-0.419,6.56,5.41,0.7
1996-11-15,41.5,336.8,139713.0,56.9,38080.0,1412.0,737.62,-0.985,6.19,5.53,0.7
1996-12-15,41.7,353.5,137270.0,61.7,36680.0,1411.0,728.64,-0.903,6.33,5.28,0.9
1997-01-15,41.4,335.7,139746.0,57.0,37461.0,1382.0,767.2,-1.166,6.53,5.22,1.1
1997-02-15,41.6,317.7,142696.0,57.6,39167.0,1445.0,808.48,-1.482,6.28,5.15,0.9
1997-03-15,41.8,318.9,142137.0,58.6,39102.0,1436.0,793.17,-1.099,6.71,5.15,1.1
1997-04-15,41.8,331.5,144516.0,56.6,39743.0,1421.0,754.72,-0.049,6.88,5.61,1.0
1997-05-15,41.7,319.3,142749.0,62.3,39019.0,1414.0,841.88,-0.679,6.67,5.71,1.4
1997-06-15,41.6,325.6,144057.0,59.4,40471.0,1402.0,893.27,-0.863,6.43,5.56,1.4
1997-07-15,41.6,313.8,145766.0,61.3,42669.0,1440.0,925.76,-0.909,6.26,5.47,1.4
1997-08-15,41.7,332.8,145315.0,60.3,42136.0,1449.0,900.81,-1.129,6.27,5.59,1.5
1997-09-15,41.7,315.4,146633.0,55.4,43519.0,1494.0,919.77,-0.753,6.28,5.77,1.4
1997-10-15,41.8,310.7,146329.0,60.9,41726.0,1499.0,965.72,-0.052,6.1,5.64,1.5
1997-11-15,41.8,315.1,149357.0,57.4,42066.0,1469.0,928.35,0.36,5.86,5.44,1.5
1997-12-15,42.0,313.1,147417.0,57.2,42412.0,1456.0,963.39,0.205,5.78,5.97,1.6
1998-01-15,41.9,323.4,145874.0,57.1,41257.0,1555.0,950.73,-0.337,5.48,5.6,1.4
1998-02-15,41.7,319.1,150047.0,54.6,43110.0,1647.0,1020.09,-1.31,5.49,5.45,1.7
1998-03-15,41.6,314.9,148823.0,54.9,41852.0,1605.0,1068.61,-0.901,5.58,5.43,1.6
1998-04-15,41.2,309.1,147158.0,55.3,40632.0,1547.0,1119.32,-0.073,5.6,5.56,1.9
1998-05-15,41.5,313.0,149379.0,51.5,42631.0,1554.0,1108.73,-0.017,5.68,5.72,1.6
1998-06-15,41.4,338.0,142675.0,50.2,42955.0,1551.0,1077.01,0.28,5.38,5.78,1.6
1998-07-15,41.4,324.1,142263.0,51.8,41215.0,1610.0,1174.81,-0.011,5.48,5.7,1.5
1998-08-15,41.4,309.0,147038.0,50.9,41994.0,1654.0,1062.75,1.6,5.4,5.56,1.2
1998-09-15,41.3,301.4,147250.0,49.4,43823.0,1577.0,1037.68,2.647,4.9,5.71,0.5
1998-10-15,41.4,312.8,148701.0,48.0,40930.0,1719.0,1047.49,3.737,4.58,5.49,0.0
1998-11-15,41.4,315.9,150333.0,48.3,42238.0,1672.0,1125.72,1.258,4.82,4.98,0.8
1998-12-15,41.5,317.2,150205.0,49.7,44231.0,1742.0,1162.83,1.494,4.62,5.1,0.7
1999-01-15,41.3,324.9,152069.0,52.4,41541.0,1732.0,1243.26,-0.088,4.66,4.68,1.0
1999-02-15,41.4,301.2,153728.0,55.0,42539.0,1720.0,1230.13,0.098,5.06,4.68,1.2
1999-03-15,41.3,302.7,151583.0,55.9,43355.0,1665.0,1307.26,0.103,5.15,5.01,1.1
1999-04-15,41.3,304.7,151834.0,54.0,42795.0,1600.0,1322.86,0.076,5.18,4.77,1.2
1999-05-15,41.4,303.0,152185.0,57.8,43438.0,1640.0,1337.8,-0.024,5.62,4.81,1.3
1999-06-15,41.3,290.0,151277.0,59.4,42942.0,1702.0,1301.16,0.706,5.98,4.67,1.4
1999-07-15,41.4,300.9,151401.0,54.6,45178.0,1682.0,1409.62,0.662,5.72,5.14,1.3
1999-08-15,41.5,290.5,153503.0,57.5,44929.0,1671.0,1327.68,1.348,5.98,5.01,1.1
1999-09-15,41.4,294.3,152432.0,63.5,46020.0,1551.0,1317.97,1.187,5.94,5.41,1.2
1999-10-15,41.4,285.8,155799.0,61.3,44594.0,1649.0,1247.41,1.816,6.09,5.28,0.9
1999-11-15,41.4,281.8,153010.0,63.1,44851.0,1672.0,1394.39,0.168,5.94,5.64,1.3
1999-12-15,41.4,278.3,154722.0,60.3,47428.0,1683.0,1413.32,-0.081,6.25,5.56,1.5
2000-01-15,41.5,289.3,158103.0,60.4,46292.0,1727.0,1465.15,-0.365,6.69,5.56,2.1
2000-02-15,41.5,293.9,150235.0,58.7,42297.0,1692.0,1402.05,-0.063,6.56,5.85,1.8
2000-03-15,41.4,269.7,154893.0,56.2,45984.0,1651.0,1392.15,0.222,6.29,5.9,1.1
2000-04-15,41.6,272.9,156205.0,55.4,46508.0,1597.0,1356.56,1.723,5.85,6.08,1.4
2000-05-15,41.2,282.1,150887.0,51.5,45932.0,1543.0,1452.36,2.569,6.47,6.34,1.7
2000-06-15,41.3,288.9,152463.0,50.0,49202.0,1572.0,1478.73,2.345,6.05,6.7,1.3
2000-07-15,41.5,298.7,151488.0,52.0,45742.0,1542.0,1509.98,1.55,6.1,6.51,1.3
2000-08-15,41.0,311.5,148693.0,50.0,46589.0,1552.0,1484.43,1.224,5.81,6.63,1.5
2000-09-15,41.1,300.2,154198.0,48.9,47906.0,1570.0,1465.81,1.264,5.84,6.55,1.5
2000-10-15,41.1,301.1,149652.0,48.4,45708.0,1577.0,1374.17,2.228,5.73,6.46,1.1
2000-11-15,41.1,336.0,148405.0,49.1,44885.0,1614.0,1389.81,1.833,5.72,6.61,0.8
2000-12-15,40.4,348.0,149614.0,42.1,44842.0,1543.0,1312.15,3.009,5.2,6.58,0.4
2001-01-15,40.6,340.2,144508.0,38.4,43496.0,1699.0,1318.32,1.828,5.25,5.98,-0.6
2001-02-15,40.5,373.3,146370.0,39.9,43573.0,1656.0,1326.61,1.582,5.19,5.57,-1.1
2001-03-15,40.5,387.9,144711.0,41.5,41652.0,1659.0,1173.56,2.563,4.81,5.52,-0.5
2001-04-15,40.4,396.9,141163.0,45.5,39228.0,1666.0,1183.5,1.977,5.17,5.01,-0.7
2001-05-15,40.4,401.0,145264.0,44.9,40515.0,1665.0,1249.44,0.603,5.5,4.22,-0.3
2001-06-15,40.3,395.0,143382.0,47.8,39648.0,1626.0,1214.36,1.196,5.27,3.94,0.2
2001-07-15,40.6,398.1,143077.0,49.2,38114.0,1598.0,1215.68,1.048,5.27,3.75,0.2
2001-08-15,40.3,398.2,144058.0,54.3,38665.0,1615.0,1178.02,0.987,5.0,3.83,0.1
2001-09-15,40.2,443.0,138798.0,51.3,36188.0,1565.0,1092.54,1.989,4.57,3.13,-1.1
2001-10-15,40.1,480.8,139172.0,38.9,35704.0,1566.0,1089.98,1.062,4.62,2.51,-1.1
2001-11-15,40.1,453.9,140424.0,49.1,36826.0,1651.0,1142.24,0.471,4.79,2.22,-0.9
2001-12-15,40.2,404.9,141112.0,51.4,36741.0,1680.0,1123.09,0.545,5.24,1.88,-0.1
2002-01-15,40.1,410.3,143103.0,55.2,34177.0,1665.0,1146.19,0.417,4.88,1.75,0.6
2002-02-15,40.3,396.1,143292.0,60.7,36145.0,1787.0,1104.18,0.33,4.86,1.73,0.3
2002-03-15,40.5,421.0,142664.0,63.8,33982.0,1691.0,1166.16,-0.473,5.35,1.8,1.1
2002-04-15,40.6,429.0,146436.0,59.9,35868.0,1669.0,1102.55,0.101,5.15,1.84,1.0
2002-05-15,40.6,401.4,146778.0,61.8,36408.0,1716.0,1091.07,0.112,5.28,1.84,1.0
2002-06-15,40.7,389.2,145867.0,61.2,35066.0,1758.0,1007.27,0.228,4.83,1.75,0.8
2002-07-15,40.4,386.2,146566.0,51.9,35685.0,1738.0,917.93,0.9,4.66,1.83,0.1
2002-08-15,40.5,395.2,145764.0,50.6,36851.0,1695.0,930.25,0.253,4.17,1.87,0.2
2002-09-15,40.5,409.4,144102.0,52.9,34596.0,1803.0,889.81,0.524,3.92,1.72,0.3
2002-10-15,40.3,407.5,145050.0,52.1,35277.0,1799.0,881.27,0.393,4.07,1.88,-0.7
2002-11-15,40.4,389.1,145269.0,49.9,35698.0,1771.0,909.83,-0.089,4.05,1.35,-0.1
2002-12-15,40.5,414.4,140631.0,58.7,35118.0,1896.0,889.48,-0.038,4.07,1.25,0.0
2003-01-15,40.3,400.0,143802.0,58.2,35177.0,1808.0,918.22,0.2,4.1,1.3,-0.6
2003-02-15,40.3,416.7,145503.0,51.9,35344.0,1854.0,834.89,0.146,3.95,1.3,-1.4
2003-03-15,40.4,425.1,144471.0,47.2,37022.0,1757.0,833.27,-0.581,3.72,1.3,-1.6
2003-04-15,40.1,438.7,140743.0,47.2,35370.0,1803.0,890.81,-0.994,3.98,1.34,-0.3
2003-05-15,40.2,422.9,141936.0,53.4,36529.0,1835.0,946.66,-1.952,3.53,1.36,0.7
2003-06-15,40.3,421.8,144881.0,53.6,35851.0,1875.0,988.61,-1.958,3.13,1.24,0.6
2003-07-15,40.1,403.5,145815.0,56.8,35443.0,1885.0,1000.42,-0.821,3.94,1.13,0.1
2003-08-15,40.2,399.8,143950.0,61.1,36111.0,1966.0,990.67,-0.187,4.55,1.39,0.4
2003-09-15,40.5,395.4,146945.0,60.8,37229.0,1961.0,1014.81,-0.837,4.28,1.11,0.0
2003-10-15,40.6,376.1,149611.0,64.4,36491.0,2012.0,1046.76,-0.871,4.43,1.09,0.4
2003-11-15,40.9,363.0,148841.0,69.1,37370.0,1918.0,1050.35,-1.379,4.22,0.98,1.0
2003-12-15,40.7,358.5,145070.0,71.3,38117.0,1987.0,1068.04,-1.377,4.28,1.04,1.2
2004-01-15,40.9,361.2,144871.0,70.6,35799.0,1952.0,1132.05,-2.043,3.99,1.04,1.5
2004-02-15,41.0,360.7,144069.0,66.5,36605.0,1966.0,1145.81,-1.605,4.05,1.01,0.5
2004-03-15,40.9,342.2,149594.0,64.6,39170.0,2066.0,1104.49,-1.334,3.78,1.05,0.5
2004-04-15,40.7,345.8,145927.0,67.1,37031.0,2070.0,1128.84,-1.614,4.42,1.03,0.5
2004-05-15,41.1,339.4,146135.0,64.5,37167.0,2150.0,1095.7,-0.315,4.79,1.02,0.4
2004-06-15,40.8,342.1,146347.0,60.9,37580.0,2020.0,1132.01,-0.993,4.69,1.03,0.7
2004-07-15,40.8,347.0,143080.0,62.8,37977.0,2112.0,1106.69,-0.96,4.5,1.3,1.0
2004-08-15,40.8,340.4,146431.0,62.1,36610.0,2056.0,1064.8,-1.07,4.22,1.48,0.5
2004-09-15,40.7,339.6,143962.0,57.7,39569.0,2041.0,1120.37,-1.366,4.18,1.57,0.6
2004-10-15,40.6,333.8,144687.0,58.4,37832.0,2097.0,1108.2,-0.685,4.07,1.79,0.4
2004-11-15,40.5,328.9,146850.0,60.1,38738.0,2079.0,1183.81,-1.179,4.2,2.06,0.3
2004-12-15,40.6,328.6,148481.0,66.3,39519.0,2082.0,1205.72,-0.951,4.09,2.31,0.9
2005-01-15,40.7,340.3,149204.0,57.9,40281.0,2139.0,1184.52,-0.688,4.23,2.29,0.7
2005-02-15,40.6,311.7,148966.0,55.9,40070.0,2114.0,1210.12,-1.278,4.1,2.53,0.5
2005-03-15,40.4,332.5,145119.0,57.7,39262.0,2062.0,1197.75,-1.156,4.54,2.61,0.4
2005-04-15,40.4,320.4,149979.0,53.4,40234.0,2150.0,1142.62,-0.112,4.27,2.82,0.0
2005-05-15,40.4,327.1,149095.0,51.8,39410.0,2085.0,1154.05,-0.559,4.12,3.01,0.1
2005-06-15,40.4,322.9,152107.0,55.7,40735.0,2178.0,1206.58,-1.061,4.12,3.05,0.4
2005-07-15,40.4,324.0,147740.0,57.2,39701.0,2203.0,1227.92,-1.246,4.18,3.32,0.3
2005-08-15,40.5,315.7,152076.0,57.8,41593.0,2219.0,1233.87,-0.501,4.27,3.61,0.1
2005-09-15,40.7,397.2,153172.0,60.9,40154.0,2263.0,1227.73,-0.456,4.22,3.67,-1.5
2005-10-15,41.0,344.3,152891.0,61.4,41151.0,2170.0,1186.57,0.303,4.48,3.77,-1.4
2005-11-15,40.9,316.1,153049.0,61.2,41696.0,2218.0,1229.01,-0.347,4.56,3.97,-0.3
2005-12-15,40.8,315.1,153263.0,60.1,42256.0,2120.0,1270.94,0.097,4.47,4.29,0.2
2006-01-15,41.0,295.6,154230.0,58.9,42934.0,2212.0,1287.61,-0.803,4.36,4.3,0.1
2006-02-15,41.1,294.3,154088.0,61.0,42871.0,2141.0,1280.0,-0.535,4.61,4.5,-0.2
2006-03-15,41.1,299.0,154537.0,57.0,44495.0,2118.0,1303.02,-0.746,4.73,4.47,0.0
2006-04-15,41.2,306.6,150850.0,55.7,43160.0,1998.0,1289.12,-0.354,5.05,4.82,-0.2
2006-05-15,41.2,332.6,150905.0,54.9,43666.0,1905.0,1294.5,0.155,5.15,5.01,-0.6
2006-06-15,41.2,307.7,151204.0,55.0,43237.0,1867.0,1256.16,0.506,5.1,5.02,-0.4
2006-07-15,41.4,319.6,146873.0,55.8,43663.0,1763.0,1236.2,-0.058,5.07,5.26,-0.4
2006-08-15,41.2,313.6,148167.0,55.3,43765.0,1722.0,1285.58,-0.073,4.93,5.24,-0.7
2006-09-15,41.1,316.5,147023.0,54.8,45411.0,1655.0,1319.87,-0.546,4.8,5.25,-0.1
2006-10-15,41.2,315.6,146894.0,54.1,45263.0,1570.0,1365.62,-0.123,4.81,5.21,0.3
2006-11-15,41.0,328.1,149264.0,50.8,44831.0,1535.0,1396.57,-0.647,4.61,5.29,0.3
2006-12-15,41.1,323.2,153052.0,51.4,44461.0,1638.0,1427.09,0.044,4.6,5.27,0.3
2007-01-15,41.0,317.6,150568.0,55.5,43173.0,1626.0,1430.73,-0.933,4.77,5.27,0.5
2007-02-15,40.9,325.1,150408.0,59.1,42775.0,1598.0,1456.81,-1.344,4.7,5.29,0.2
2007-03-15,41.3,306.8,151723.0,56.0,44893.0,1596.0,1392.28,-0.39,4.54,5.29,-0.2
2007-04-15,41.3,320.4,151951.0,57.1,44315.0,1470.0,1452.85,-0.466,4.76,5.25,-0.4
2007-05-15,41.2,307.5,152241.0,57.0,43491.0,1493.0,1501.19,-0.048,4.71,5.29,-0.2
2007-06-15,41.4,315.6,151529.0,58.4,43394.0,1407.0,1532.91,0.527,5.16,5.26,-0.2
2007-07-15,41.3,313.2,151243.0,57.5,43326.0,1361.0,1552.5,0.32,5.11,5.25,0.2
2007-08-15,41.3,319.9,154204.0,56.1,44236.0,1321.0,1406.7,3.391,4.69,4.71,-0.4
2007-09-15,41.3,313.3,150459.0,59.4,43654.0,1261.0,1484.25,3.293,4.47,5.25,-0.6
2007-10-15,41.2,328.5,151971.0,55.8,43230.0,1192.0,1548.71,2.143,4.69,4.81,-0.9
2007-11-15,41.3,340.4,150804.0,53.1,43441.0,1224.0,1451.15,4.341,4.17,4.54,-1.3
2007-12-15,41.1,349.4,151334.0,49.9,45247.0,1149.0,1467.95,5.334,4.24,4.24,-1.1
2008-01-15,41.1,339.7,150048.0,49.5,45243.0,1094.0,1380.95,3.061,3.72,4.24,-1.5
2008-02-15,41.2,345.4,148178.0,50.5,43881.0,1014.0,1349.99,2.849,3.76,2.97,-2.1
2008-03-15,41.3,368.0,146033.0,49.2,43796.0,967.0,1288.14,5.433,3.44,2.99,-2.5
2008-04-15,41.1,363.4,144616.0,46.2,45461.0,1008.0,1334.43,5.121,3.6,2.32,-2.6
2008-05-15,41.0,366.1,141567.0,47.9,44734.0,995.0,1423.57,3.222,3.83,2.03,-2.7
2008-06-15,41.0,383.2,141915.0,49.5,44226.0,1180.0,1360.03,3.931,4.27,2.02,-2.9
2008-07-15,41.0,417.1,136576.0,48.4,44062.0,921.0,1214.91,4.523,3.87,2.16,-2.7
2008-08-15,40.9,429.5,133588.0,48.6,42783.0,858.0,1298.2,4.333,3.84,2.08,-2.1
2008-09-15,40.5,463.9,130322.0,45.1,41170.0,797.0,1192.7,6.482,3.47,2.64,-1.6
2008-10-15,40.5,477.2,126548.0,32.0,37862.0,736.0,907.84,12.109,4.04,1.04,-2.6
2008-11-15,40.1,527.4,122888.0,34.5,38799.0,626.0,873.29,9.383,3.72,0.34,-2.4
2008-12-15,39.8,563.8,116699.0,25.9,35358.0,554.0,868.57,7.148,2.53,0.18,-2.5
2009-01-15,39.7,589.3,112808.0,32.5,31568.0,545.0,843.74,3.795,2.23,0.18,-2.3
2009-02-15,39.6,644.0,112183.0,32.7,31992.0,558.0,826.84,3.283,2.89,0.22,-3.1
2009-03-15,39.3,659.1,109778.0,41.3,31412.0,513.0,756.55,3.03,2.89,0.15,-2.8
2009-04-15,39.5,615.2,109381.0,46.0,30055.0,521.0,852.06,2.319,2.82,0.16,-1.8
2009-05-15,39.3,614.5,109321.0,51.0,31088.0,556.0,882.88,1.238,3.14,0.17,-0.8
2009-06-15,39.6,598.0,109389.0,49.0,32187.0,601.0,923.72,1.154,3.76,0.22,-1.1
2009-07-15,39.9,562.2,111391.0,56.6,32578.0,595.0,932.68,0.502,3.63,0.14,-1.1
2009-08-15,40.0,560.4,113087.0,64.1,31804.0,616.0,1004.09,0.201,3.55,0.15,-0.7
2009-09-15,40.0,541.2,112686.0,64.7,33844.0,609.0,1052.63,-0.153,3.47,0.17,-0.4
2009-10-15,40.2,523.5,114809.0,57.7,33213.0,583.0,1096.56,0.35,3.49,0.13,-0.7
2009-11-15,40.5,494.0,115747.0,64.2,33634.0,623.0,1093.48,0.948,3.43,0.12,-0.8
2009-12-15,40.6,475.1,115413.0,63.8,34832.0,664.0,1107.93,-0.34,3.6,0.13,-0.3
2010-01-15,40.8,485.9,119971.0,59.9,33311.0,636.0,1136.03,-1.115,3.7,0.12,-0.3
2010-02-15,40.5,485.8,116845.0,57.7,34069.0,650.0,1075.51,-0.986,3.69,0.12,-0.9
2010-03-15,41.0,470.1,119772.0,60.1,35956.0,687.0,1150.51,-1.924,3.71,0.2,-0.6
2010-04-15,41.1,461.8,120069.0,64.0,33280.0,637.0,1211.67,-1.802,3.86,0.22,-0.4
2010-05-15,41.4,461.5,120630.0,61.3,36380.0,575.0,1135.68,0.589,3.44,0.2,-0.2
2010-06-15,41.0,459.4,120882.0,58.6,37893.0,587.0,1115.23,0.427,3.32,0.19,-0.7
2010-07-15,41.1,460.6,124128.0,54.7,35879.0,579.0,1096.48,-0.214,3.0,0.19,-1.1
2010-08-15,41.2,474.9,124249.0,54.0,36968.0,580.0,1079.25,-0.636,2.68,0.19,-0.9
2010-09-15,41.5,452.0,125548.0,51.9,38132.0,563.0,1125.07,-1.496,2.74,0.21,-1.3
2010-10-15,41.2,447.1,123187.0,57.8,36495.0,558.0,1176.19,-1.506,2.59,0.2,-1.0
2010-11-15,41.3,426.4,125443.0,58.3,38377.0,560.0,1197.75,-1.211,2.92,0.21,-0.8
2010-12-15,41.3,416.6,125905.0,59.6,39326.0,632.0,1235.23,-1.332,3.53,0.2,-0.3
2011-01-15,41.0,430.3,125692.0,64.5,38584.0,576.0,1293.24,-1.602,3.35,0.16,-0.1
2011-02-15,41.4,401.5,123257.0,64.2,37320.0,542.0,1328.01,-1.739,3.61,0.16,0.1
2011-03-15,41.4,401.2,127291.0,61.3,39381.0,583.0,1281.87,-1.043,3.33,0.14,-1.0
2011-04-15,41.3,427.1,123937.0,61.1,38670.0,581.0,1319.68,-1.162,3.43,0.12,-0.7
2011-05-15,41.5,422.4,124082.0,54.6,39994.0,618.0,1337.77,-0.679,3.18,0.09,-0.7
2011-06-15,41.4,416.9,123737.0,54.6,39894.0,636.0,1265.42,-0.56,2.98,0.1,-0.9
2011-07-15,41.5,411.2,125149.0,56.9,40447.0,621.0,1316.14,-1.205,2.94,0.06,-1.2
2011-08-15,41.4,409.4,124296.0,52.9,40265.0,647.0,1204.49,0.211,2.29,0.1,-2.3
2011-09-15,41.3,415.6,123383.0,51.8,40886.0,610.0,1209.11,0.157,2.09,0.09,-2.2
2011-10-15,41.5,401.6,125881.0,52.0,41958.0,671.0,1224.58,-0.351,2.26,0.07,-2.2
2011-11-15,41.5,388.2,127484.0,54.9,40186.0,706.0,1257.81,0.829,2.06,0.09,-1.6
2011-12-15,41.6,374.7,129650.0,55.4,42730.0,697.0,1215.75,0.903,1.92,0.07,-0.8
2012-01-15,41.8,377.8,128145.0,60.0,41759.0,712.0,1289.09,-0.195,1.89,0.09,-0.7
2012-02-15,41.7,365.0,128912.0,58.3,43256.0,738.0,1343.23,-0.773,1.93,0.12,-0.4
2012-03-15,41.6,364.4,128684.0,57.0,42983.0,806.0,1402.6,-0.838,2.29,0.14,-0.6
2012-04-15,41.7,381.8,129591.0,59.2,41653.0,732.0,1370.26,-0.441,2.02,0.15,-0.5
2012-05-15,41.6,374.4,128796.0,58.2,42547.0,796.0,1330.66,0.329,1.76,0.16,-0.4
2012-06-15,41.7,379.7,127698.0,47.3,41137.0,794.0,1342.84,-0.252,1.6,0.18,-0.9
2012-07-15,41.7,372.5,128188.0,47.8,39871.0,849.0,1356.78,-0.162,1.52,0.19,-0.8
2012-08-15,41.5,373.3,127658.0,45.1,38974.0,840.0,1405.53,-0.792,1.8,0.13,-1.1
2012-09-15,41.5,384.7,128039.0,52.2,39174.0,930.0,1465.77,-1.185,1.88,0.16,-0.5
2012-10-15,41.5,368.4,128443.0,51.8,40472.0,887.0,1440.13,-0.848,1.7,0.16,-0.2
2012-11-15,41.5,403.9,130700.0,47.9,40517.0,917.0,1353.33,-0.957,1.58,0.16,-0.3
2012-12-15,41.7,354.9,127430.0,48.3,40931.0,941.0,1413.58,-1.05,1.72,0.17,-1.2
2013-01-15,41.7,352.3,129745.0,54.9,42766.0,940.0,1472.34,-1.541,1.86,0.15,-1.1
2013-02-15,41.9,347.7,130641.0,58.9,40588.0,980.0,1519.79,-0.984,2.01,0.16,-0.7
2013-03-15,41.9,354.7,127918.0,52.3,40537.0,936.0,1560.7,-1.054,2.01,0.16,-1.0
2013-04-15,41.8,346.9,131168.0,53.0,41369.0,1012.0,1552.36,-0.717,1.72,0.15,-0.6
2013-05-15,41.7,350.7,131305.0,52.1,42120.0,1003.0,1658.78,-0.921,1.94,0.12,-0.1
2013-06-15,41.8,344.4,131747.0,52.0,42257.0,942.0,1626.73,-0.833,2.14,0.1,0.2
2013-07-15,41.7,346.2,129480.0,56.4,40412.0,997.0,1682.5,-1.223,2.57,0.09,0.1
2013-08-15,41.9,331.8,131287.0,58.0,40154.0,964.0,1661.32,-0.749,2.77,0.08,0.0
2013-09-15,41.9,313.9,132644.0,60.2,40298.0,1004.0,1687.99,-1.11,2.9,0.08,-0.1
2013-10-15,41.9,352.1,133867.0,57.4,39451.0,1044.0,1698.06,-1.204,2.75,0.1,-1.2
2013-11-15,42.0,324.8,133925.0,59.5,41244.0,1029.0,1798.18,-1.363,2.71,0.09,-0.9
2013-12-15,41.9,346.2,130495.0,63.9,41001.0,1005.0,1775.32,-1.7,2.88,0.08,-0.4
2014-01-15,41.6,329.0,129784.0,54.6,41156.0,976.0,1848.38,-1.273,2.9,0.07,-0.3
2014-02-15,41.6,332.1,134514.0,58.6,40594.0,1039.0,1838.63,-1.363,2.75,0.06,-0.4
2014-03-15,42.0,321.6,133982.0,58.8,41400.0,1067.0,1841.13,-1.028,2.65,0.08,-0.2
2014-04-15,41.9,326.2,133016.0,57.3,40028.0,1090.0,1842.98,-0.97,2.64,0.1,0.0
2014-05-15,42.1,310.7,134835.0,57.9,39602.0,1018.0,1870.85,-1.173,2.5,0.09,-0.1
2014-06-15,42.1,313.4,135772.0,56.8,41838.0,1010.0,1936.16,-1.64,2.6,0.1,-0.1
2014-07-15,42.0,300.3,137730.0,57.4,40746.0,1076.0,1973.28,-0.705,2.56,0.09,-0.2
2014-08-15,42.0,303.7,134340.0,60.1,41125.0,1047.0,1955.06,-0.653,2.34,0.09,0.0
2014-09-15,42.2,294.9,135022.0,58.9,41491.0,1077.0,1984.13,-0.742,2.6,0.09,0.0
2014-10-15,42.1,285.4,135190.0,59.8,39232.0,1094.0,1862.49,-0.657,2.15,0.09,0.3
2014-11-15,42.2,294.6,133553.0,61.6,38113.0,1059.0,2039.82,-1.372,2.32,0.09,0.1
2014-12-15,42.1,284.7,134434.0,58.2,39724.0,1072.0,1989.63,-1.104,2.12,0.11,0.3
2015-01-15,42.0,286.0,133865.0,54.7,38635.0,1049.0,1992.67,-0.798,1.77,0.12,0.9
2015-02-15,42.0,301.3,131423.0,54.3,38211.0,1127.0,2096.99,-1.003,2.02,0.12,0.5
2015-03-15,41.8,284.0,134667.0,53.1,38450.0,1072.0,2053.4,-0.733,2.13,0.11,0.5
2015-04-15,41.8,282.3,134055.0,53.7,38244.0,1166.0,2106.63,-0.861,1.91,0.13,0.4
2015-05-15,41.8,275.5,133697.0,52.8,37149.0,1272.0,2122.73,-0.279,2.14,0.13,0.1
2015-06-15,41.8,274.0,134803.0,53.8,37827.0,1379.0,2084.43,-0.473,2.36,0.13,0.5
2015-07-15,41.8,272.3,135145.0,52.6,37649.0,1140.0,2107.4,-0.221,2.36,0.13,0.1
2015-08-15,41.8,276.4,134856.0,51.2,37633.0,1165.0,2091.54,-0.153,2.2,0.14,0.3
2015-09-15,41.7,268.2,137472.0,50.2,37411.0,1144.0,1978.09,-0.255,2.28,0.14,0.0
2015-10-15,41.8,267.0,134610.0,51.7,37342.0,1160.0,2023.86,-0.768,2.04,0.13,0.0
2015-11-15,41.8,268.3,134668.0,50.6,36662.0,1244.0,2023.04,-0.756,2.28,0.12,0.0
2015-12-15,41.8,269.3,137173.0,49.5,35908.0,1212.0,2043.41,-0.047,2.28,0.15,-0.2
2016-01-15,41.9,280.8,133998.0,49.6,36515.0,1161.0,1880.33,0.462,2.03,0.36,0.0
2016-02-15,41.8,267.3,134039.0,52.4,36226.0,1187.0,1864.78,0.306,1.74,0.38,-0.4
2016-03-15,41.8,268.0,133109.0,55.4,35869.0,1114.0,2015.93,-0.389,1.97,0.37,-0.1
2016-04-15,41.8,263.6,133312.0,54.8,36050.0,1158.0,2080.73,-0.315,1.76,0.37,-0.4
2016-05-15,41.9,275.0,131757.0,55.4,35204.0,1196.0,2046.61,-0.037,1.71,0.37,-0.1
2016-06-15,41.8,263.1,132147.0,56.9,35167.0,1208.0,2071.5,-0.263,1.6,0.37,-0.1
2016-07-15,42.0,262.0,132043.0,55.3,35327.0,1190.0,2161.74,-0.812,1.6,0.4,-0.4
2016-08-15,41.8,264.3,131998.0,50.9,36439.0,1205.0,2190.15,-0.218,1.55,0.4,-0.1
2016-09-15,41.9,249.6,131774.0,53.4,35031.0,1280.0,2147.26,-0.284,1.71,0.4,0.0
2016-10-15,41.9,259.2,131333.0,54.3,35036.0,1278.0,2132.98,0.459,1.8,0.41,-0.4
2016-11-15,41.9,248.0,131450.0,55.4,34952.0,1236.0,2180.39,-0.307,2.23,0.41,0.1
2016-12-15,41.9,250.9,130473.0,58.6,35044.0,1252.0,2262.03,0.108,2.6,0.66,0.8
2017-01-15,41.9,246.5,130100.0,60.0,35520.0,1301.0,2274.64,0.0,2.4,0.66,0.6
2017-02-15,41.9,242.0,130038.0,64.1,35687.0,1240.0,2349.25,0.213,2.51,0.66,0.5
2017-03-15,41.8,247.7,129818.0,62.0,35764.0,1285.0,2385.26,0.015,2.51,0.66,0.8
2017-04-15,41.9,243.5,128694.0,57.4,35895.0,1258.0,2328.95,-0.416,2.24,0.91,0.6
2017-05-15,41.9,239.8,130026.0,61.6,35972.0,1209.0,2402.32,-0.676,2.34,0.91,0.5
2017-06-15,42.0,241.5,128809.0,60.3,35329.0,1329.0,2432.46,-0.807,2.16,1.16,0.3
2017-07-15,42.0,244.1,127991.0,61.6,36006.0,1264.0,2459.27,-0.534,2.33,1.16,0.6
2017-08-15,42.0,253.8,129190.0,60.9,35995.0,1314.0,2464.61,-0.099,2.27,1.16,0.7
2017-09-15,41.9,262.9,129276.0,64.2,37478.0,1257.0,2500.23,-0.389,2.2,1.16,0.4
2017-10-15,42.0,237.1,130330.0,64.0,37210.0,1346.0,2553.17,-0.838,2.28,1.16,1.0
2017-11-15,42.0,239.0,131045.0,64.0,37111.0,1302.0,2564.62,-1.418,2.33,1.16,1.0
2017-12-15,41.8,238.2,132751.0,65.7,37198.0,1309.0,2675.81,-1.072,2.35,1.41,0.7
2018-01-15,41.8,234.3,132228.0,66.2,36902.0,1352.0,2786.24,-0.714,2.55,1.42,0.6
2018-02-15,42.2,221.3,133018.0,64.1,37282.0,1332.0,2731.2,0.286,2.9,1.42,0.8
2018-03-15,42.2,225.8,133417.0,61.7,36885.0,1407.0,2747.33,0.411,2.82,1.43,0.6
2018-04-15,42.3,221.9,133856.0,63.2,37628.0,1391.0,2656.3,-0.064,2.82,1.69,0.6
2018-05-15,42.0,223.9,132830.0,63.2,38306.0,1331.0,2711.45,-0.994,3.08,1.7,0.9
2018-06-15,42.1,221.7,133738.0,63.5,38781.0,1320.0,2779.66,-0.614,2.93,1.9,0.6
2018-07-15,42.2,216.5,133093.0,59.8,39556.0,1328.0,2801.31,-0.657,2.83,1.91,0.5
2018-08-15,42.1,213.0,132805.0,63.6,38302.0,1264.0,2818.37,-0.856,2.86,1.91,0.7
2018-09-15,42.1,213.1,134121.0,61.9,37986.0,1289.0,2904.98,-1.072,2.99,1.92,0.9
2018-10-15,42.1,215.5,132346.0,59.3,38323.0,1275.0,2750.79,-0.902,3.16,2.18,1.1
2018-11-15,42.0,226.0,130872.0,60.7,36655.0,1318.0,2730.2,-0.853,3.11,2.2,0.7
2018-12-15,42.1,216.4,130919.0,52.4,36956.0,1338.0,2599.95,0.007,2.89,2.19,0.3
2019-01-15,41.9,222.9,129471.0,56.7,37304.0,1295.0,2610.3,-0.5,2.72,2.4,-0.5
2019-02-15,41.7,222.5,129780.0,54.9,36911.0,1304.0,2775.6,-0.882,2.66,2.4,0.4
2019-03-15,41.7,217.0,129046.0,56.5,37589.0,1316.0,2822.48,-0.974,2.59,2.4,0.5
2019-04-15,41.6,215.6,128183.0,53.5,37182.0,1337.0,2905.58,-1.631,2.55,2.41,0.5
2019-05-15,41.5,217.0,128270.0,52.5,36835.0,1337.0,2850.96,-1.277,2.37,2.4,0.9
2019-06-15,41.6,221.6,130351.0,50.7,37303.0,1276.0,2886.98,-1.686,2.09,2.36,0.3
2019-07-15,41.5,213.6,129436.0,51.2,37063.0,1369.0,3014.3,-1.524,2.09,2.4,0.9
2019-08-15,41.5,216.7,129815.0,46.3,36933.0,1479.0,2847.6,-0.542,1.52,2.13,0.3
2019-09-15,41.5,213.2,129678.0,48.7,36663.0,1439.0,3007.39,-0.779,1.9,2.14,0.1
2019-10-15,41.4,214.9,127340.0,48.5,36919.0,1509.0,2995.68,-0.271,1.77,1.9,0.1
2019-11-15,41.4,215.9,128535.0,47.0,36623.0,1509.0,3120.46,-0.84,1.84,1.55,0.3
2019-12-15,41.4,225.9,128435.0,47.5,36522.0,1453.0,3168.8,-1.154,1.82,1.55,0.6
2020-01-15,41.4,209.9,127313.0,51.8,36884.0,1550.0,3289.29,-1.254,1.79,1.54,0.6
2020-02-15,41.7,214.0,126811.0,49.5,36330.0,1478.0,3380.16,-1.194,1.59,1.58,1.0
2020-03-15,41.3,2666.7,120603.0,43.2,35872.0,1382.0,2711.02,2.25,0.94,1.1,-0.7
2020-04-15,38.5,4180.7,102341.0,27.3,33448.0,1094.0,2783.36,2.604,0.63,0.05,-0.8
2020-05-15,39.4,2288.3,107871.0,31.9,34244.0,1246.0,2863.7,1.986,0.64,0.05,-0.6
2020-06-15,39.9,1499.2,121398.0,56.7,35922.0,1296.0,3066.59,1.476,0.71,0.09,-0.2
2020-07-15,40.7,1339.0,128225.0,60.9,36915.0,1542.0,3226.56,0.832,0.64,0.1,-0.8
2020-08-15,41.1,990.2,126846.0,66.2,37746.0,1522.0,3372.85,-0.079,0.71,0.1,-0.8
2020-09-15,41.2,826.2,126752.0,60.9,38158.0,1589.0,3401.2,-0.239,0.68,0.09,0.0
2020-10-15,41.3,790.8,127577.0,66.9,38724.0,1595.0,3483.34,-0.532,0.74,0.09,0.0
2020-11-15,41.3,735.5,128221.0,65.7,39202.0,1696.0,3585.15,-1.66,0.89,0.09,-0.8
2020-12-15,41.3,804.9,129266.0,67.5,39722.0,1758.0,3694.62,-1.704,0.92,0.09,-0.7
2021-01-15,41.6,865.7,128236.0,61.1,40014.0,1883.0,3768.25,-1.245,1.11,0.09,-0.2
2021-02-15,41.4,804.5,124399.0,64.8,39774.0,1726.0,3934.83,-1.346,1.2,0.08,-0.1
2021-03-15,41.7,721.6,124634.0,68.0,40396.0,1755.0,3968.94,-1.461,1.62,0.07,0.8
2021-04-15,41.6,562.2,121030.0,64.3,41039.0,1733.0,4170.42,-1.722,1.56,0.07,0.7
2021-05-15,41.6,427.7,121285.0,67.0,40742.0,1681.0,4173.85,-1.79,1.63,0.06,0.4
2021-06-15,,,,66.0,,,4246.59,,1.51,0.06,
2021-07-15,,,,,,,,,,,
