Date,Instrument,e_p,b_p,ebit_ev,rev_ev,90 days,1_yr,fwd_ret
2021-04-27,SHW,0.0062214017429061,0.0467622791647586,0.0094611457550024,0.0623864815681795,0.13820164166188054,0.5134294962608077,xxx
2021-04-27,DTE,0.0153918679203212,0.4866466653296542,0.0131846083168132,0.0841409632110144,0.14357120009175173,0.3283194470533961,xxx
2021-05-19,LOW,0.0164267246899981,0.0031617182037409,0.0209665388663583,0.1552591910837489,0.17850144033527116,0.6527279276191564,xxx
2021-07-01,WBA,0.0262967054563736,0.4855334062584078,0.0236304661664406,0.5515396184115063,-0.10510938500104527,0.30131184603368455,xxx
2021-05-10,MAR,-0.0002281200675387,0.0048527359821888,0.0012802719283704,0.0092733209946829,0.06576760278496607,0.7089054529734156,xxx
2021-05-05,EMR,0.010368740122666,0.168746162780644,0.0134028444558947,0.0749848532627143,0.09134451319397496,0.8436253518641581,xxx
2021-05-06,PENN,0.0055467365501952,0.1665300981185553,0.0118192527229332,0.0604669554432889,-0.2907723263271498,3.6166116004564204,xxx
2021-05-03,WEC,0.017278921910826,0.3647204079710945,0.0158784100867115,0.0606430437170079,0.1386713937048536,0.1333113544389959,xxx
2021-05-03,LEG,0.0143948987593096,0.2394817614163089,0.0164796686070748,0.148523497258281,0.17554616078762608,0.5541611244133016,xxx
2021-05-07,REG,0.0083746235781689,0.6198350094917743,0.008998967779381,0.0207802846806879,0.254771685400663,0.6425600888191711,xxx
2021-04-16,MS,0.0274117796599906,0.6781283281079895,0.017197550448793,0.0482953169827888,0.055506293964340925,1.1073787653633111,xxx
2021-04-15,BLK,0.0104187136072808,0.3074346016894061,0.0152312467220815,0.0301502739822699,0.10650107172830836,0.8243928656092123,xxx
2021-05-10,WYNN,-0.0193806912753675,0.0161184793090623,-0.0080791157235716,0.0313859753630457,0.15677615726168992,0.5864984650717173,xxx
2021-04-28,HOLX,0.0327685506696636,0.2005758810468976,0.0377670698621223,0.0736563249873152,-0.0015170405062862047,0.4790602736965366,xxx
2021-05-03,BRK-B,0.0199226589530052,0.7621118791204812,0.0185080929454145,0.1143134426026233,0.12025996209824896,0.5688676452013788,xxx
2021-05-04,DVN,0.0143466803923375,0.5679517597971339,0.0375447308362588,0.1118042049610308,0.09245430144210531,1.231243740171323,xxx
2021-04-22,ALLE,0.0094755201763939,0.0638457040033504,0.0110559953890555,0.0558267461717911,0.2376301940950145,0.44194049014209447,xxx
2021-05-04,PEAK,0.0083833092720891,0.39563555911453,0.0041969558515357,0.0194736424645468,0.14876665021238744,0.421459622173729,xxx
2021-03-03,DLTR,0.0210291799688883,0.3047014415818262,0.0278664124226756,0.2631464945380585,0.015246624838678224,0.02433137131732699,xxx
2021-06-25,PAYX,0.0072159935941022,0.0808849776251462,0.0095500733028089,0.0284155404546138,0.11411199588948029,0.47142306370540576,xxx
2021-04-22,AAL,-0.0815455826023097,-0.5183037230202805,-0.071667620447214,0.0978017782609581,0.10883973877543784,0.6711073532338134,xxx
2021-04-27,TER,0.0095786408036313,0.1084017900663437,0.0107566503211067,0.0381016066912247,0.008332770541085166,1.161156969921357,xxx
2021-04-29,WDC,0.0090176048829287,0.4554119339099406,0.010448927408627,0.147533149110888,0.3509970596763543,0.5436196707240872,xxx
2021-05-06,PWR,0.0073158278563527,0.3565727862808496,0.0088710413345742,0.2012686829892882,0.16601319523512448,1.9798199741079672,xxx
2021-04-30,XOM,0.0115502520838198,0.6641352639580742,0.0126940174340552,0.1897574263285062,0.27574102684887203,0.43651718619284563,xxx
2021-04-20,CMA,0.0342757247962131,0.7752509416006452,0.0438917373317814,0.0527521254286644,0.06346573618776774,1.423811875820026,xxx
2021-04-28,DISCK,0.0053975154396069,0.5506993347108453,0.0142372886373373,0.0811234895417262,-0.3052174112071162,0.6785712997738831,xxx
2021-04-21,NDAQ,0.0122629888374886,0.2605679373120078,0.0159963629434453,0.0555167890390163,0.13216647949258054,0.5458386137463151,xxx
2021-04-29,DPZ,0.008162228954558,-0.2242985867584859,0.0104166229730335,0.0542050338309077,0.230306769318962,0.13517722265947119,xxx
2021-04-28,HES,0.0115463988667461,0.2573197461732,0.0195340408545513,0.0643673776769763,0.36156034327552056,0.6678406351258979,xxx
2021-04-27,BXP,0.0057974950701736,0.3654528314043599,0.0078109624912099,0.0234944197688889,0.17706635881269017,0.16293948884867815,xxx
2021-05-04,BEN,0.0243917910263212,0.7061119356739988,0.0386838684447996,0.1164791757244228,0.26232422096770347,0.7824804986856413,xxx
2021-05-05,APA,0.0573489187099227,-0.1859405663326876,0.0443649214636099,0.1130882398615997,0.04326293647885904,0.7781703814318721,xxx
2021-05-20,AMAT,0.0109210852303681,0.0984786279457186,0.0144104934805248,0.0463360452812729,0.15099450613507348,1.423349414443948,xxx
2021-05-05,FLT,0.0082219736601201,0.1471117838710178,0.0104647367545598,0.023502658648422,0.09576165699644235,0.16201657217083776,xxx
2021-04-19,ZION,0.0349148784480963,0.8191653169653683,0.0358837909274886,0.0625756748193644,0.14278579957214843,0.9840960209464653,xxx
2021-04-23,RF,0.0309358463837394,0.8165249617180486,0.0365752979707547,0.0635956882091737,0.17156001888199945,1.2621153121586164,xxx
2021-04-29,DISH,0.0330857769892243,0.7172452399428141,0.0275805121305595,0.1432624324881468,0.39646626103480465,0.9293361242431359,xxx
2021-05-05,PEG,0.0213076204623441,0.5352224355950247,0.0188103146007845,0.0614045185103577,0.14937514147899966,0.293760289210369,xxx
2021-05-05,ALL,-0.0408006489729086,0.7142721566287115,0.0726229882422325,0.2833684821698645,0.17790114075129249,0.277891712373882,xxx
2021-04-23,SLB,0.0078641455093958,0.3298995890446578,0.0099189105713994,0.100205937938915,0.05819809560561695,0.7236582834470742,xxx
2021-04-15,PGR,0.0263340845386127,0.3099854031896731,0.0311807771455028,0.1853638300855864,0.15468645693600047,0.3331932225272647,xxx
2021-04-27,NOV,-0.0214561030559483,0.9479866054545544,-0.0172100185282763,0.2107383641354628,-0.014513774538514546,0.09959510155820328,xxx
2021-04-28,PTC,0.0067953425169209,0.1026517642957389,0.0063582257056462,0.0267526788592528,0.22726136753248483,1.1196397259394075,xxx
2021-04-29,SWKS,0.0104882575357371,0.1520732799558589,0.0126997828541786,0.0396314395433462,0.24153890995558758,1.013337041960647,xxx
2021-05-03,EL,0.0043219225972387,0.0523938335910867,0.0074026429181609,0.0367658254958534,0.0609992706455198,0.6849358770655225,xxx
2021-04-29,NOC,0.042135567311634,0.2020395653553294,0.0194028430836587,0.1491787020294403,0.20779408854559933,0.08058814154624105,xxx
2021-04-26,PKG,0.0129315143867025,0.2607594474877939,0.0172508691312342,0.1274040486063201,0.061162528161423424,0.6364682961155255,xxx
2021-04-20,CSX,0.0096674547788738,0.1800803084942915,0.0129704043979726,0.0325475000637798,0.07789665462541229,0.6376514112788723,xxx
2021-04-27,MSCI,0.0056726658765322,-0.0138800307803218,0.0068786504488421,0.012995405802044,0.23593168753423788,0.5400210473468758,xxx
2021-05-05,CERN,0.007928557968558,0.1984964281416442,0.0099271107471234,0.0628312258210264,0.04563657454697001,0.0510434287600372,xxx
2021-04-28,MGM,-0.0181469350570025,0.3353765582293859,-0.0068965989706205,0.0511664107491013,0.1522713083315128,2.0506748080456676,xxx
2021-05-05,ANSS,0.0024469197209347,0.1389770164641612,0.0017151363332608,0.012355607976538,-0.07753588826687519,0.32610877950410044,xxx
2021-04-15,UNH,0.0138232998203121,0.1887952285619097,0.0176318534113107,0.1836601249533115,0.11559571232180499,0.40628052338872944,xxx
2021-04-28,ALGN,0.0046757508842027,0.0791887051473684,0.005190832406491,0.021445717664497,0.12299973191376146,1.7806690554900961,xxx
2021-05-06,NLSN,0.0635522525250199,0.3301833433978785,0.0169328478232463,0.0584521906858465,0.17640404254586395,0.8338182048571277,xxx
2021-05-18,TTWO,0.0107514334974622,0.1637141256362841,0.0165225765854941,0.047639954885698,-0.2139776632609638,0.1419913281360896,xxx
2021-04-29,BIO,0.0571929421786269,0.6207843328995103,0.0062613255518054,0.0451916261072713,-0.004784046693160349,0.4238760736322802,xxx
2021-04-08,CAG,0.0169748309042572,0.4977715339578903,0.0214933299550631,0.1067960671301333,0.1127584868200644,0.3065798384666454,xxx
2021-05-04,XLNX,0.0058873857732672,0.0904640287805566,0.0068540170775608,0.0280607499833167,-0.08068133126037513,0.37313934473470267,xxx
2021-05-04,INCY,0.002995904447886,0.1526545245678388,0.0071135208088149,0.0379336338312608,-0.09423206339646562,-0.18002429640221007,xxx
2021-06-17,ADBE,0.004627805814614,0.0574411883011059,0.0058915930217538,0.01597896692958,0.19808772430784027,0.4222404783813427,xxx
2021-04-20,NTRS,0.0162357693175242,0.4832792482944379,0.0171481045768155,0.056622508210948,0.1474900793219529,0.488215725322827,xxx
2021-04-29,SPGI,0.0088821865005221,0.0121409489649521,0.0129962770722191,0.0230435308510059,0.1841792153252717,0.338536542452635,xxx
2021-04-30,CVX,0.0068154622530999,0.6527797281313369,0.0111466609541817,0.1298579787861753,0.22684213298558964,0.22063556680179142,xxx
2021-05-04,AIZ,0.0184503533846849,0.6785953725604085,0.0243553189080185,0.2663869846946239,0.1640481933818687,0.5775909822016816,xxx
2021-05-11,PRGO,0.0070120397424022,1.0229112044165831,0.0070650546098871,0.118533308238971,0.05530447951792916,-0.1523165278836568,xxx
2021-04-27,CNC,0.0187705395319724,0.7073727501448043,0.0278705258037375,0.67281962574353,0.01725569782028069,-0.08724128264698316,xxx
2021-05-04,AKAM,0.0093342555974986,0.2590751583003549,0.0108991657684612,0.0486671975202721,-0.10833261547050033,0.03198275411037077,xxx
2021-04-29,COG,0.0168447230004622,0.3074174612388683,0.0228134560843845,0.0564774853400773,-0.05537094146596133,-0.1935487646775299,xxx
2021-04-22,BIIB,0.0096255106731788,0.2506621894515636,0.0196739168209913,0.0569235655845244,-0.01614434947768284,-0.13090167607559589,xxx
2021-05-06,K,0.0170701412283049,0.1455600629739701,0.0190316589541303,0.1220205110762131,0.19655519364896912,0.06858153864836702,xxx
2021-04-28,EQIX,0.0025768658397362,0.1743075825786348,0.0040468891550907,0.022128218094345,-0.054014196677148796,0.04984902365599231,xxx
2021-05-04,DD,0.1305796780956682,0.6581758042389745,0.0145228739928786,0.0827262850941054,0.08674846894179433,0.8156684066486548,xxx
2021-05-04,MPWR,0.0028182687244716,0.063397672665086,0.0031030107798441,0.0164430039772851,-0.08947301080847125,0.7591347766650474,xxx
2021-04-14,WFC,0.0270119638864362,1.028027178412783,0.0129112873126015,0.0441020407912425,0.31469662654516406,0.43650666028595153,xxx
2021-06-03,SJM,0.0101988068154833,0.5660059126669358,0.0137673407244572,0.1022671089326995,0.20670050267925566,0.3021551745878033,xxx
2021-05-04,ZBRA,0.0086659504469052,0.0916386251205642,0.0101018017058052,0.0494804614462531,0.0011487588502958612,1.0597864317119425,xxx
2021-05-19,CPRT,0.0097470671116842,0.1104335335575226,0.01137675237654,0.0253864046697492,0.01869159959122313,0.39566264224697223,xxx
2021-06-09,BF-B,0.0033631181563499,0.0744370151938788,0.0044755790437075,0.0218925914668106,0.08387456653228353,0.09766903720966558,xxx
2021-04-28,NOW,0.0008304197568792,0.0307559122151512,0.0010319891648912,0.0140350526425209,0.0788770382078896,0.730612774107551,xxx
2021-05-05,TT,0.0059583137564431,0.1595140911147769,0.0085335269501931,0.0724965397660554,0.2011517217596277,1.213461639816921,xxx
2021-04-19,IBM,0.008020434753625,0.1796325433982061,0.0118320995600927,0.107802222610711,0.02467801525042157,0.16689869836607163,xxx
2021-05-04,PAYC,0.002901196289072,0.0334711558250627,0.0042772949888721,0.0123235897473513,-0.16772380165997858,0.49689460534218144,xxx
2021-05-26,DXC,-0.1002687879366026,0.6248579980059211,-0.0455820131082587,0.4046095697969935,0.39636904021194375,1.2281230445935125,xxx
2021-04-20,NFLX,0.0073870737529226,0.0557654026586489,0.0093110400304967,0.0300730099031393,0.09526280837263168,0.2667865853774347,xxx
2021-04-21,GL,0.0179026265251015,0.7854680737954032,0.0206873986490344,0.1070336259514749,0.1404877063047718,0.4519602601494801,xxx
2021-05-06,APTV,0.0074805318982199,0.2165600578563541,0.0111915764241407,0.1039808590169011,-0.0118057090791025,1.1550884830778307,xxx
2021-06-30,GIS,0.0108703606819389,0.246992955379642,0.0151159830086075,0.0898300850469485,0.042272489034641314,0.18677523101253946,xxx
2021-05-04,SEE,0.0156821865123569,0.0144429946626066,0.0198783145562875,0.121974878325772,0.21276483335157814,0.909554754843674,xxx
2021-05-20,ROST,0.0102041337746635,0.078227737505536,0.0146579378262813,0.1030084447505844,0.04356805173309075,0.2673205290880942,xxx
2021-04-29,BMY,0.0143374590385354,0.2667788951727494,0.021149283945034,0.0634994634282436,0.02957353138146024,0.06254304216276685,xxx
2021-05-05,ALB,0.0056103438253923,0.3369586211182771,0.0089657375310336,0.0443170560391032,0.06419714163978707,1.9255151795427232,xxx
2021-05-10,APD,0.0075995067666669,0.2044236800125911,0.0102107068890395,0.0388078211094895,0.1495764364094745,0.4181056554255327,xxx
2021-04-22,DOW,0.0207484930203968,0.2931797656555173,0.0254614248681806,0.1946799551375309,0.1329001411851023,0.7572876703194114,xxx
2021-05-06,REGN,0.0220010947824679,0.2362868653242635,0.0225274862478807,0.0506943619071068,-0.000601263184779266,-0.13177917211006696,xxx
2021-05-10,OXY,-0.0139248830824479,0.3436146004564752,0.0071235692386188,0.078520163599396,0.006382671276061291,0.7424489955922564,xxx
2021-05-07,VTR,-0.0028596843237889,0.5106019870797776,0.0054549628277953,0.0287190133628487,0.07023543481430838,0.8947554204956509,xxx
2021-05-05,PNW,0.0038859887126705,0.6195727683165397,0.0051646699328407,0.0436430901659217,0.1681858434521546,0.19105710072951232,xxx
2021-04-28,AFL,0.0367419563413755,0.9122405448006032,0.043640794499791,0.1538305242758401,0.174527862970854,0.40604780904045334,xxx
2021-04-30,AON,0.0175572676047967,0.0819210952863463,0.0242333418897069,0.0668407904234873,0.1288284199670291,0.42360724324827737,xxx
2021-04-20,LMT,0.0179822096355777,0.0617875379530576,0.0214258422617416,0.1459326952205263,0.18025905165061373,0.06529816378093822,xxx
2021-05-06,ZTS,0.0074726452382093,0.0546612636476527,0.0096428357405094,0.0238647429503877,0.008715112399802383,0.3404057970589822,xxx
2021-05-05,ABC,0.0180088212947122,-0.0116574274013719,0.0284199648919094,2.056793597859394,0.0660651244188264,0.36248649070128236,xxx
2021-04-26,CDNS,0.0047401706491671,0.0643886623527576,0.0052791634181765,0.0188291978249457,0.08313301112186466,0.8529034238575806,xxx
2021-05-11,EA,0.0019519243460633,0.201356406225483,0.0050804252694239,0.0390757280722548,-0.04990753870180431,0.18488314402678707,xxx
2021-04-28,ORLY,0.014145453370256,-0.0001967525067617,0.0177373263090701,0.0793065259329992,0.15878373341621654,0.43634931347467143,xxx
2021-04-20,FITB,0.0252360704128914,0.7690617350976239,0.0221207036318984,0.0450409507685642,0.19643289244587248,1.343008836442452,xxx
2021-04-27,CHRW,0.013847886285984,0.1492769460601469,0.0162811206108704,0.3502114395704178,-0.0038688953203920295,0.33445775497520014,xxx
2021-04-27,ECL,0.0031628499299898,0.102797523835098,0.0051933058410397,0.0432151351352744,0.037880334913757974,0.11544942925106261,xxx
2021-04-27,PHM,0.0217500963350539,0.4820253386359638,0.0312139186692449,0.186697592333881,0.2857146299172624,1.4230692916367498,xxx
2021-04-28,EXR,0.0114380684636806,0.1648938825116308,0.0108740096215955,0.0157328960354512,0.2234722363026458,0.8047764079602451,xxx
2021-04-22,VRSN,0.0066887394551574,-0.0624485208080385,0.0091230542075177,0.0140167205150667,0.03823022218900185,-0.0029577694028756207,xxx
2021-04-29,TXT,0.0132132605983812,0.4633140967713113,0.014776140306131,0.1924909861599605,0.3764207589181736,1.3998039197913021,xxx
2021-04-28,EBAY,0.0153825852558516,0.0904716792738857,0.0226884370088807,0.066654174030949,0.07714487894239119,0.6173901265261159,xxx
2021-04-15,BAC,0.0226490793927704,0.7480217978659138,0.0182668564912189,0.0433579723042118,0.1880506380864102,0.7901340809743194,xxx
2021-05-05,PYPL,0.003846995263132,0.0681763308209205,0.0034624656699842,0.0214687105724716,-0.017864232270879743,0.9281427683256505,xxx
2021-04-29,CMCSA,0.0133919472301165,0.3724119900354566,0.015790043919237,0.0789502195961852,0.0980325840753169,0.5292254786340682,xxx
2021-04-27,EQR,0.0021251063985873,0.3847518499385186,0.0036969162809861,0.0168821653104334,0.12269472813470328,0.2408013391693371,xxx
2021-04-27,SBUX,0.0050964070330417,-0.0591566567044301,0.0072167224011962,0.0476163714339761,0.11418932859785547,0.5058832876100152,xxx
2021-04-20,EW,0.0064746159352067,0.0891819954836405,0.0075903858047802,0.0236235952164126,0.05645923057858582,0.21647661349319725,xxx
2021-04-29,TMO,0.0130315731290956,0.1954903255283852,0.0151918076769087,0.0515200434260383,-0.0985736261607727,0.3868614150419576,xxx
2021-04-26,NXPI,0.0061522481231852,0.1447085443818904,0.0083169729687033,0.0405117070411035,0.1988233822534935,1.1363850097255686,xxx
2021-06-01,HPE,0.0124254289477576,0.794459858590218,0.0162630244167773,0.2087399685678323,0.11871976236322856,0.618281123653325,xxx
2021-04-27,ENPH,0.001441586954444,0.0333287281620836,0.0028816146808318,0.014034099265639,-0.14492753181125695,2.8562093807165114,xxx
2021-04-27,HAS,0.008575912938234,0.2154679674971963,0.0103553386555941,0.065517205069559,0.05582384532654183,0.39572280312228436,xxx
2021-04-28,IR,-0.0043867714180626,0.4346349066389593,0.0075281835363691,0.059814998886998,0.1866574842015145,0.8914785272545263,xxx
2021-04-29,KHC,0.011498865450441,1.0270958184223415,0.0181878782441934,0.0864634152367085,0.18489975520799873,0.43970963129678853,xxx
2021-04-21,HAL,0.0089147489491018,0.2711132474520978,0.0132447700398426,0.1313439695617725,-0.06828495492189623,1.5312822858624937,xxx
2021-05-04,BR,0.009306891069818,0.0896451028924954,0.0131183062188765,0.0727236616792763,0.11611388060047645,0.4175963316655955,xxx
2021-04-28,QCOM,0.011662954643418,0.049140621607682,0.0148242941201775,0.0510993804707247,-0.15452325788731003,0.7680584255808978,xxx
2021-05-04,ATVI,0.0085910034400335,0.2127765326965334,0.0124144582762471,0.0343587500954528,-0.038417869542926586,0.30044405007136077,xxx
2021-04-22,DGX,0.0277887232481866,0.400502004933801,0.0346881742870475,0.1377399037383493,0.10115593932418254,0.36823619500287763,xxx
2021-05-11,TDG,0.0031499643490606,-0.1068564829181355,0.0097391523530889,0.0243275060870045,0.005732070974440839,0.848670643977411,xxx
2021-05-05,LNC,0.0189030229147509,1.646075235416517,0.0190705491060282,0.2644216197147767,0.3722848993441401,1.302581331200432,xxx
2021-04-28,IPG,0.008038362870773,0.2519329868113604,0.0190243629729914,0.1739084132443974,0.2812893614418295,0.32590551738849727,xxx
2021-04-27,JNPR,-0.0037537483829337,0.5346496410624817,0.0059513861397478,0.1236783224089967,-0.023527424957585308,0.09288354276373023,xxx
2021-05-04,TMUS,0.0059918724850708,0.4262835154786126,0.0100575996027946,0.0859550651174828,-0.016232850512244323,0.49048724218265827,xxx
2021-05-04,CTLT,0.0121105259665071,0.2071340627306975,0.0090726995806688,0.0515163044114206,-0.12086981186767742,0.5245249805640919,xxx
2021-04-27,ESS,0.0095337894680305,0.3410199205185742,0.0089559507829441,0.0148690831738018,0.18514000088148208,0.27517675261677765,xxx
2021-04-29,WLTW,0.0248314457000944,0.3904600861381843,0.0279730778196886,0.0791806246480804,0.08925216432508742,0.4102815692869364,xxx
2021-04-15,JBHT,0.0082547837880282,0.1532683947910917,0.0112192255119927,0.1414559168946033,0.1453847958523362,0.7498344783636339,xxx
2021-04-27,AMGN,0.011489165113682,0.0651518026555945,0.0128730389074485,0.0356805084982874,0.06876392604019443,0.0963533632817617,xxx
2021-04-29,TAP,0.0075611245315817,1.1310938823653256,0.0089585623339279,0.0994557586826243,0.247191011235955,0.3533285118633742,xxx
2021-04-21,EFX,0.0090915129466776,0.1496311505807369,0.0118363003301781,0.0469657582613872,0.054940109134763215,0.5457894030323673,xxx
2021-04-19,UAL,-0.0728839592591625,0.279612300591894,-0.0815263265268321,0.0955938470123503,0.21713150303292905,0.8590264307065336,xxx
2021-04-28,DISCA,0.0053975154396069,0.5506993347108453,0.0142372886373373,0.0811234895417262,-0.3219388486582877,0.7980815823766478,xxx
2021-04-28,GRMN,0.0089471716570215,0.2324261135161205,0.0107224379404665,0.0473435931079654,0.0658581525497226,0.6950883254040574,xxx
2021-05-05,NI,0.0297961200666579,0.5343204832400751,0.0220233302306697,0.0768727624311723,0.1470392473140636,0.1659439835313472,xxx
2021-04-27,ILMN,0.0026152318420994,0.087565789978322,0.0024004838608809,0.0203389834104097,-0.08348480414393011,0.2962730444639481,xxx
2021-02-09,CSCO,0.0134530608361421,0.2067965394776884,0.0198515288467198,0.0690789307555338,0.26437391167092206,0.0054986031715984485,xxx
2021-04-14,FRC,0.0107602991881499,0.3673727689519218,0.0100445899956958,0.0260780365046062,0.0967918568543702,0.7497159720196056,xxx
2021-04-27,MDLZ,0.0116852757823843,0.3292183577607231,0.0150877237137863,0.0725132431875071,0.03342054046832765,0.17295554376875577,xxx
2021-05-03,VNO,0.0004687833967921,0.5932395202180231,0.0044448961065087,0.0226456556255244,0.22219236173876866,0.21903712536204822,xxx
2021-04-30,LHX,0.011180844185874,0.4865817383198629,0.0145185867926318,0.0949948221804436,0.22647892811960646,0.12787969420773782,xxx
2021-03-18,NKE,0.006819487067667,0.0561513458967121,0.0082868709858011,0.049468082305442,0.04502520409693811,0.9967859996507078,xxx
2021-05-05,MRO,0.0115222157203595,1.2675625149686305,0.0215773181857754,0.0929242170044344,0.14705881525260756,1.1078358924821372,xxx
2021-04-21,ANTM,0.0189396112003378,0.3850826774564783,0.0232421204176611,0.3178615159315692,0.3306848201993644,0.38939344734894754,xxx
2021-05-06,PPL,-0.0829202940152002,0.520685367962839,0.0108401129558081,0.0394138087567976,0.05398123994256876,0.170046624155076,xxx
2021-04-21,CCI,0.0007796496789436,0.1199450704347325,0.0046484225601391,0.0157961270064225,0.1537734305894829,0.21432037631865408,xxx
2021-04-13,FAST,0.0072917270561935,0.096485545049832,0.0096811584837686,0.0489411401052451,0.03251130083394416,0.4943498590919386,xxx
2021-04-28,RJF,0.0210334488377084,0.449819559368683,0.0313554854535623,0.165124860755449,0.37918426693505936,0.8683156771971312,xxx
2021-04-22,FCX,0.0148664019276246,0.2273685000695527,0.0249233719031341,0.0783398274337009,0.28905665729456964,3.1058282139440356,xxx
2021-05-06,LNT,0.0126224531712376,0.4256202630722589,0.0101207354156336,0.0432169791918763,0.17229536827674585,0.2600333312884342,xxx
2021-05-06,NWSA,0.0054002997583285,0.5597171445720772,0.0110076990889983,0.1576869777473076,0.28571239932829573,1.722441261952444,xxx
2021-04-26,TSLA,0.0006831848163373,0.0359015180767962,0.0008188039494029,0.016327359367269,-0.1457600037631379,3.610810540345935,xxx
2021-04-27,FFIV,0.0033620249925027,0.1561096565394379,0.0069322811394614,0.0512254185424688,-0.015439208181801112,0.5684387351801692,xxx
2021-04-29,MCD,0.0091911685561247,-0.0432622300857667,0.0104930705916066,0.0256292786586662,0.144266555061898,0.285205510988048,xxx
2021-05-27,ADSK,0.0024222205882983,0.0175657693562717,0.0023709350906578,0.0152309486051155,0.009294844417081727,0.4347130620612174,xxx
2021-05-04,HST,-0.0127888076118114,0.5170212024643491,-0.010119755204122,0.0258832200413121,0.09606980300766144,0.5900451938051734,xxx
2021-04-29,XEL,0.0101153044638252,0.4107596011553362,0.0089805818310041,0.0612721392361958,0.11700674019496082,0.20889660884354266,xxx
2021-05-04,IDXX,0.004874928807748,0.0167709942547345,0.0058917935102206,0.018319343105005,0.039928967196358744,0.8979826847926713,xxx
2021-05-19,LB,0.0150712468607719,-0.029054317052896,0.0281106105504138,0.1445688542592714,0.3031944021093793,4.508182924841483,xxx
2021-04-27,PCAR,0.0145741314598893,0.3322722160128816,0.0167045780381472,0.153508270589514,-0.0636597037155835,0.4215099478494908,xxx
2021-04-28,PSA,0.0089450505077448,0.1114148573839225,0.0090093362610528,0.0154132210094717,0.13555506747438417,0.5285043706148718,xxx
2021-05-04,CZR,-0.0232240701732004,0.2532686423379989,0.0017698759913601,0.0395660435436961,0.1220342901589413,3.632880450593059,xxx
2021-06-02,PVH,0.0123855036336361,0.5999840468930818,0.0193387572854465,0.2037035360872799,0.09278866021449916,1.075303511547418,xxx
2021-04-19,KO,0.009921250631848,0.0899541454838603,0.0118011322255639,0.0346054007394626,0.09777151735810574,0.23012751294553335,xxx
2021-05-20,HRL,0.0090951294711043,0.2674121152541375,0.0120037831708212,0.1059161091224211,0.04479755425819443,0.0946697715829099,xxx
2021-04-21,TEL,0.0118780032128166,0.2269731483492573,0.0140480461101967,0.082177772081245,0.1172838540818768,0.8479944823644077,xxx
2021-04-14,JPM,0.0300573079332143,0.5406691451063662,0.0402078137175092,0.0731929657212497,0.09709019906339611,0.6348083062798844,xxx
2021-04-27,GE,-0.0249168088461321,0.2913236505028805,0.0056924643592366,0.1143704282880426,0.1957438571969874,1.0600295088755076,xxx
2021-05-05,CDW,0.0099863320067362,0.050245074580754,0.0125797454582814,0.1836286018540634,0.09213998168158666,0.6255295853383249,xxx
2021-05-06,BDX,0.0039172695718856,0.351055234124508,0.010215467323804,0.0579506337085624,-0.05204240366688018,-0.0474911544783595,xxx
2021-04-27,MMC,0.0158408172927762,0.1520267246592587,0.0205379451801384,0.0702519349600564,0.2246029075240903,0.38043808938267376,xxx
2021-04-28,WELL,0.0023922837282887,0.5282671115732366,0.0033470809229648,0.0241066908325034,0.2051537046717462,0.7447587129973681,xxx
2021-04-27,MSFT,0.0086923601262382,0.0756398977019907,0.0102046903987998,0.0242063939126577,0.13017416540451476,0.4914737670311329,xxx
2020-05-15,VFC,-0.0212081203993726,0.14718122373352,-0.0023196242709997,0.056925059043275,-0.38744772656094695,-0.3747938911316824,xxx
2021-05-04,GPN,0.0033064330003775,0.4487191071584133,0.0053929127731898,0.0293930569542919,0.02676283084737907,0.21312322401972028,xxx
2021-04-29,MRK,0.0162910404019458,0.1380818130325355,0.0223185063937979,0.0550331817181218,-0.02239418263993953,-0.06308193160093489,xxx
2021-04-20,PG,0.0096073942928348,0.1371032737987795,0.0115822449335643,0.0510820442040713,0.05041226330517001,0.13212676290715053,xxx
2021-05-03,FANG,0.0165407126623383,0.8024501192960777,0.0221412209172841,0.0542757879214584,0.23385095404952594,1.0439209217977696,xxx
2021-04-22,UNP,0.0091256613647144,0.1106103652662699,0.0118512242522091,0.029010265533675,0.053323745394892486,0.4601064337822607,xxx
2021-04-28,FB,0.0113470399469374,0.1596937262491127,0.014728430612715,0.0338447412033861,0.1284632526394216,0.5814408684410939,xxx
2021-05-04,PXD,-0.0020350446273182,0.527541711533095,0.0219988884386748,0.0771219612998854,0.09473054243168422,0.9765330973998321,xxx
2021-04-28,RE,0.0273001661150113,0.7833676708926863,0.029587393278999,0.2088345522112782,0.1889571438162232,0.6632389897165853,xxx
2021-04-29,CTXS,0.0052149567444559,0.014460431985571,0.0051985834481408,0.0383248371383404,-0.05156279678963971,-0.08611783507800741,xxx
2021-05-10,TSN,0.0174310879992186,0.5833921489822541,0.0223915760733726,0.3059550297812703,0.21421543245210017,0.4633911964972992,xxx
2021-04-16,KSU,0.0063750022060907,0.1766792278071023,0.0097046609152234,0.0253571080908503,0.18670203604026914,0.865686426743498,xxx
2021-05-18,WMT,0.0069353727934336,0.1990045522980316,0.0114691509673135,0.3250611209608897,0.039242572743350745,0.15386447305121576,xxx
2021-04-21,NVR,0.0145085048233106,0.1776809219404479,0.0204799292790595,0.1287650150423799,0.0623676282197454,0.7477869969938575,xxx
2021-05-10,IFF,-0.0012377117548608,0.6229432046208977,0.0031543318909736,0.0536236421465513,0.05864134459197157,0.10341237056672647,xxx
2021-04-29,KLAC,0.0111478617307983,0.0611880682847941,0.0131473426205503,0.0347523379284696,0.14303769878899497,1.1302304551119828,xxx
2021-04-19,MTB,0.0219508579531108,0.7792184103176951,0.0250534521852388,0.0568447429259648,0.08003332053833234,0.5224864960728712,xxx
2021-04-22,HBAN,0.0313050807945409,0.6825882287416476,0.0253470304825828,0.05465203575661,0.05462327834413183,0.922170963323278,xxx
2021-04-29,DLR,0.0093976563820917,0.4207376281111744,0.0095176237339176,0.0200528497163447,0.038069083781935076,0.034027054196680284,xxx
2021-05-05,TRMB,0.0056425758965651,0.1810355180228965,0.0073493188999653,0.0413924472987248,0.8388120491505273,1.0046960564929712,xxx
2021-05-06,MTD,0.0055652863365235,0.0075353715954654,0.0070029580087704,0.0283244471116708,0.06707808833070583,0.7722111029776066,xxx
2021-04-27,CB,0.0323782548643089,0.8316425149408336,0.0321141852305982,0.1160183119327157,0.11094388226653118,0.5156304365215831,xxx
2021-04-15,PEP,0.0092340978601068,0.0751388348044983,0.0110027545152665,0.066528283115565,0.06280155639343454,0.0756784401128705,xxx
2021-04-29,ABMD,0.0039438237370838,0.0922330770298105,0.0039756315507746,0.0174401068019533,-0.09064286880526595,0.6885751761642156,xxx
2021-05-06,MCK,0.0214534096676477,-0.0006764588633942,0.0342709757180863,1.7717255646145678,0.027691579066058347,0.2775448141429384,xxx
2021-05-06,EVRG,0.0141790389010867,0.6516955651077276,0.0130312569197796,0.0663248595800214,0.19947395131676982,0.204387691464742,xxx
2021-04-27,MMM,0.0145400136781495,0.1231961750069816,0.0167214461100537,0.0709159173550963,0.1142505500839539,0.2786463942508144,xxx
2021-04-28,MAA,0.0027983301233896,0.3525407336043131,0.0050102285822574,0.0199012327317804,0.15128664460933705,0.4457088013621424,xxx
2021-04-27,WM,0.0077316261092813,0.1363961689159916,0.0097827523408711,0.0609495115540335,0.19634307087183211,0.422214990776411,xxx
2021-04-29,AJG,0.0156336810517264,0.2754040055673269,0.0168185125605035,0.0748792481973483,0.2243822773015145,0.8230425494198348,xxx
2021-04-21,WHR,0.0313048920272117,0.3052407716833439,0.0369326154775974,0.3101645042773776,0.1121744448173232,1.1671152799173075,xxx
2021-04-27,RTX,0.0064319945755349,0.6125343041322858,0.0109203601723719,0.1076576683832225,0.23987425095750559,0.4962032264358671,xxx
2021-04-29,HSY,0.012048680327806,0.0686756422513663,0.0154652464740732,0.0633553901729608,0.12143297582219703,0.2262093255176545,xxx
2021-04-21,CMG,0.0031741779354433,0.0523830388361099,0.0040856439811975,0.0446743060170152,-0.01013102210450001,0.9164092468932541,xxx
2021-06-15,ORCL,0.0179916677824987,0.0230698545519531,0.0188732876395619,0.0422934930797129,0.13690003462531397,0.5202350665573212,xxx
2021-05-27,COST,0.0071733234296669,0.09691042358014,0.0104114539391567,0.2710749856257632,0.21718293125633092,0.2951174939492811,xxx
2021-05-06,VIAC,0.0311454852410747,0.65614296434796,0.0360896495570042,0.1749486478198269,-0.4168228980833971,1.389375336242166,xxx
2021-04-28,TDY,0.0054810458102101,0.2158962589917833,0.0093064735336308,0.0521071975402808,0.16162735329879885,0.4470224301296366,xxx
2021-05-06,ED,0.0163460606104988,0.7425168773260721,0.0178413252625553,0.0738767488630812,0.11196812965057457,0.09535824857289077,xxx
2021-04-22,STX,0.0181548286872374,0.0267080154547809,0.0179122882890369,0.123844200803443,0.34776641422729004,0.7344454245437768,xxx
2021-04-28,APH,0.0083359515678151,0.1381147800723263,0.0110923314572729,0.0567655136858634,0.07784667944612567,0.6692806812757857,xxx
2021-04-29,WAB,0.0074987141520531,0.6767589522227997,0.0117347334690549,0.0972686104848929,0.16167086254481333,0.6014114178529888,xxx
2021-04-16,PNC,0.0235286416064744,0.676697177540267,0.022589068209739,0.0384230076922142,0.1630334796927,1.0044481088312627,xxx
2021-04-22,FE,0.017751553662642,0.3900042834538677,0.0166093923438468,0.0652409272756867,0.06131380026970534,-0.11317999870608986,xxx
2021-06-24,CCL,-0.0632773853333901,0.5459201448936688,-0.0290329453233422,0.0009216808039156,-0.05310347984577046,0.6992573851335864,xxx
2021-05-05,HLT,-0.0032067545566369,-0.0481903948650158,0.0006790198057652,0.0085604996941119,0.10042181109898562,0.7054242022852744,xxx
2021-05-06,MCHP,0.0027754615927463,0.1276975522986789,0.005948396363429,0.0290993407962212,0.021816544532208937,0.7360716919367423,xxx
2021-03-02,AZO,0.0132562974230692,-0.0583817614129312,0.0169304401072994,0.0944691341646089,0.07665216882834813,0.1515453591574598,xxx
2021-05-05,WAT,0.0083832208049097,0.0130712526652369,0.0097307069571961,0.0327830695251977,0.05887197157740842,0.6754113868474723,xxx
2021-05-05,WRK,0.0082020680251122,0.805763872059894,0.0113761707013758,0.1986041319377087,0.4397512526645322,1.3850193131689692,xxx
2021-04-28,CINF,0.0373457446752443,0.6708982325691473,0.0472836831350618,0.1344837322372703,0.20598656096185008,0.34225763870876924,xxx
2021-04-29,FTV,0.0038757815697442,0.375854856424387,0.0076965860670909,0.0498792649288774,0.13404295490345985,0.403493318859091,xxx
2021-05-19,TJX,0.0062356299521332,0.0716982876050342,0.0093208436101839,0.1227310925232327,-0.032004589401870676,0.2500909970366425,xxx
2021-04-28,NSC,0.0100007864105476,0.2179189217405489,0.0129672860928743,0.0334840195685864,0.2104768321378665,0.6052554440889881,xxx
2021-04-21,LRCX,0.0128291292734467,0.0643374147937673,0.0144634136791305,0.046067483844291,0.24807184066651855,1.389866600112026,xxx
2021-06-25,KMX,0.0232398863307295,0.2502732962998698,0.0101143009912389,0.224934296359024,0.033168470101880176,0.38674211077694487,xxx
2021-04-29,MHK,0.0171107114586447,0.6136286961317551,0.0218004313659453,0.1758275811719949,0.3335419621458606,1.5059418882316562,xxx
2021-04-20,KEY,0.0310187133466921,0.8202494719274855,0.0227218932753241,0.0469882812569447,0.10324702267962627,1.1434328357278898,xxx
2021-04-28,BA,-0.0036121525653746,-0.1214678790047203,0.0039519921240083,0.079863830213857,0.2135237241417276,0.6939568828335769,xxx
2021-05-05,FOXA,0.0269714753018844,0.5271092025047297,0.0363128823668761,0.1371867412567646,0.18901830517537355,0.4849935390250446,xxx
2021-05-10,J,0.0006533687203625,0.3554301585157292,0.0111268241370065,0.1804436472697243,0.2728496843958881,0.8325183241819796,xxx
2021-04-28,AVY,0.0134179021198596,0.1013163692764005,0.0166855353506212,0.1176995827535398,0.27484528976464695,0.8851834199612434,xxx
2021-04-27,LLY,0.0075647924018059,0.0385060380302063,0.0107504643186517,0.0353514495395325,-0.12020513389759946,0.1609927283526087,xxx
2021-04-22,SIVB,0.0198955715053971,0.3295452715879669,0.0884798963875691,0.1520240864389749,0.13916019755943765,2.035029182657164,xxx
2021-05-04,CTVA,0.0173769254193177,0.7106583265653648,0.0253669473540683,0.1208473273036461,0.1928596666579594,1.0248790169002935,xxx
2021-04-22,LUV,0.003212904175432,0.2518529109241715,-0.036922709517567,0.0630852622231869,0.36928255121487874,1.0569214751198936,xxx
2021-04-29,GILD,0.0212478883450928,0.2329034007612488,0.0272277061128014,0.0606602692898106,-0.019191694041468255,-0.20751304224668754,xxx
2021-05-10,ES,0.0123163654043022,0.478785615655367,0.0129465346626627,0.0585855110680257,0.026262164066331417,0.15250686194958663,xxx
2021-04-27,V,0.0065211812392775,0.0759051353398661,0.0081977876819513,0.012500698863428,0.1616735758532326,0.29447871076681986,xxx
2021-04-30,ITW,0.0095892290405416,0.0467885780607054,0.0121551388940741,0.0469768944826595,0.14557774659904665,0.47672427093826,xxx
2021-05-27,GPS,0.0133767785407251,0.2261159071402091,0.0202704411245412,0.3302013490940579,0.3961606182260593,1.918826610644968,xxx
2021-04-22,PBCT,0.0184746332261755,0.9627904426188671,0.0196637702823775,0.0448726611276561,0.2422349275367015,0.5503460894006194,xxx
2021-04-20,ABT,0.0084204445251013,0.1576168204971848,0.0097118637610042,0.046839136293847,0.05381571222996895,0.2687488369132809,xxx
2021-04-23,AXP,0.0194128895869979,0.2151521928887185,0.0254767117468449,0.0584440704489935,0.2463522754970806,0.7619344123480027,xxx
2021-05-10,SPG,0.0119284304996177,0.0808558492313207,0.0113602319519179,0.0196012041826636,0.2954723201340379,1.4564225111268696,xxx
2021-04-20,JNJ,0.0144558827162415,0.1535724677652165,0.0159820832217682,0.0509987247452592,-0.017373697901562513,0.17086879682676748,xxx
2021-05-27,ULTA,0.0126239121013065,0.1011231333662744,0.0176540631485941,0.1120866254888234,-0.05507917884442448,0.34955402016510684,xxx
2021-05-04,ZBH,0.0059405073831904,0.3731934093074454,0.0081499471889023,0.0456525543868352,0.08320265422408202,0.47589780374563095,xxx
2021-04-07,LW,0.0056617939506467,0.0386903529123618,0.0073365084126379,0.0653284715312231,0.0333428268214393,0.5507746982178907,xxx
2021-05-05,UNM,0.0269244491397697,1.8600922866162093,0.0287213535189221,0.3627960444495434,0.205893551251223,0.8315232004046034,xxx
2021-04-14,GS,0.0598510678660959,0.7889264363735227,0.0207468815070038,0.044821820495889,0.1443482731219119,0.9195637629946267,xxx
2021-04-28,ADP,0.0100515916491769,0.0703487428867214,0.0133437855916815,0.0507945513150311,0.13223952705571662,0.3093753936186956,xxx
2021-04-29,CMS,0.0196967172665365,0.3232180509611883,0.0160106023042881,0.0632828929788088,0.12469224755991637,0.1339350605836076,xxx
2021-04-30,WY,0.0255483581324281,0.3499487293087953,0.0305646915963473,0.0805416584021519,0.24936106116512624,1.1813151944548497,xxx
2021-04-30,CBOE,0.0129627403871532,0.3225713510668635,0.0182651626258381,0.0888043597027284,0.165364064221853,0.11020104643055761,xxx
2021-05-03,O,0.0040451437820929,0.4863478814679835,0.006899228873656,0.0137926641331424,0.11806889068483217,0.42081925403855447,xxx
2021-04-27,ROP,0.0068144393315445,0.2538484758187184,0.0083573063557953,0.0298829906326755,0.1363497775203113,0.3309269055767705,xxx
2021-06-24,FDX,0.0223625966975184,0.2893250733327757,0.0345442881739528,0.2318536176815128,0.1524798882481797,1.1825372186613947,xxx
2021-05-04,AMCR,0.0146350295539542,0.2547152896525289,0.0144533143713305,0.1324336548253057,0.1491104916228847,0.46834410366369483,xxx
2021-04-29,GNRC,0.0072382991974542,0.0740736271860719,0.0091574897694853,0.0388668509655364,0.06665403910219947,2.4603857166212437,xxx
2021-05-06,XRAY,0.0084035615921758,0.353883315937184,0.0104674615541661,0.064759536241739,0.13049495597778749,0.6715760898670224,xxx
2021-05-04,MLM,0.0031133957841044,0.2828749276910441,0.0047297254136042,0.0422407476938622,0.2227509111527377,1.076667139187217,xxx
2021-04-21,KMI,0.0371835957216303,0.8536579140457323,0.0304034366589554,0.0737237358910268,0.09007402659116481,0.22761798721965287,xxx
2021-05-11,HBI,-0.0389423177474824,0.0716655386824458,0.0216116560379325,0.1521124451274518,-0.02589147250684498,1.0349243528183134,xxx
2021-04-22,AEP,0.0136685865782816,0.4998685311769824,0.0111554831492328,0.0554291305828466,0.15268668526605977,0.1550088598691728,xxx
2021-04-28,AVB,0.0055088440124568,0.4141689535131999,0.0058944930985989,0.0166052179956979,0.12300170167767743,0.21443999867690522,xxx
2021-04-22,INTC,0.0127227202220229,0.3021011998687855,0.022880495951576,0.0708528249418156,0.007841804778615735,0.08737982134546729,xxx
2021-06-24,DRI,0.0196631951366945,0.150107284230761,0.0177885459586731,0.1234957476363323,-0.02898886525248734,0.8977069330559617,xxx
2021-04-29,LKQ,0.0207724854624473,0.4564119228752139,0.025766988599224,0.2119114365408521,0.21186221641712888,0.7892926041333956,xxx
2021-04-30,ABBV,0.0184774605380165,0.0717840702681231,0.0173110874138292,0.0487694342256212,0.0552191677600673,0.41408751447636005,xxx
2021-05-05,ATO,0.0245367912773817,0.647098866385855,0.0207492891368143,0.0711573663277292,0.16420655584717747,0.08834955025062774,xxx
2021-05-04,PRU,0.07728523913584,1.6111085267556071,0.0649612216454457,0.3048789117756356,0.24581088369324733,0.8460354309361691,xxx
2021-05-19,KEYS,0.0069278138994113,0.1320381735129747,0.0087820378397633,0.0458242230869704,-0.06680626748295626,0.3360734222224191,xxx
2021-05-05,SRE,0.021777707218267,0.5617601936336742,0.0149665236826593,0.0487759006817869,0.1474677679172436,0.12991525333676424,xxx
2021-04-15,C,0.0504330073315611,1.2120746061862244,0.0283344353533751,0.0529557436995628,0.13900578086001314,0.7640968298807282,xxx
2021-05-03,L,0.0190534629046144,1.2607406297421129,0.0281968951568462,0.1414110551360745,0.17952752448291776,0.8075224870662951,xxx
2021-04-22,ALK,-0.0152167467998578,0.3339553209892457,-0.0643035699906704,0.0923422437523682,0.29191581552969614,1.3113565989490952,xxx
2021-05-19,TGT,0.0203342355503845,0.1450547589881747,0.0224367284004414,0.2240617074310692,0.2664787380742377,0.8599909935886014,xxx
2021-05-04,LDOS,0.0150372108372714,0.2884943913316525,0.0172672884915139,0.1834649402223352,0.12477701857945767,0.0797587612858861,xxx
2021-04-29,ICE,0.010279473954111,0.3176612051794425,0.0121878791727464,0.03090225314259,0.03026388092383603,0.3312900386614803,xxx
2021-06-23,INFO,0.003563064719004,0.1997938120454342,0.006406609573915,0.0239139606654762,0.16572839084744317,0.5309497804473946,xxx
2021-05-06,MSI,0.0076489591547162,-0.0155487038554888,0.0103430640422825,0.0495628447215321,0.03606151484091957,0.40423982032535677,xxx
2021-06-30,STZ,-0.0197278995276611,0.2663755234537722,-0.0028113405941408,0.0359897770942922,0.04648319195289763,0.2772786579962703,xxx
2021-05-06,AIG,0.0970916584797576,1.560744018477655,0.0696397038360649,0.1951477858174647,0.19818805931621042,1.160776829930954,xxx
2021-04-15,SCHW,0.0112958516364998,0.3666675759960375,0.0197188769171399,0.0457071995496379,0.10944371481550408,0.9228545938079149,xxx
2021-04-22,IQV,0.0057238663933183,0.1607272482991697,0.0086097389000391,0.0722921180055015,0.18884503453480206,0.6627906558898384,xxx
2021-05-21,DE,0.0153993298387493,0.1298361373890527,0.0164936511857279,0.0770854441850804,0.09282445004273043,1.5923602099116723,xxx
2021-04-21,DFS,0.0531276795902792,0.3813783881584212,0.0556155683441504,0.090691664831914,-0.010375842278016134,1.8850555174321681,xxx
2021-05-27,BBY,0.0204370149583137,0.1428186692380985,0.0281229023369711,0.4446551827382248,0.1547838857920345,0.5511534209526849,xxx
2021-05-27,DG,0.0131903978988268,0.1216364724814424,0.016577396268435,0.1532333270230036,0.14549771081659513,0.11839232808358013,xxx
2021-05-05,EXC,-0.0067615554220007,0.7490352831673114,0.005564775082186,0.1161089146894938,0.09363746090231828,0.2097341584951642,xxx
2021-05-06,MNST,0.0065517997610539,0.1134829280763242,0.00899510102313,0.0270675186748764,0.11329816452049912,0.5303590982372708,xxx
2021-04-27,AMD,0.0059028251197365,0.0688875645054665,0.0072462357823654,0.037765933843039,-0.10030619883679726,0.535038761682296,xxx
2021-05-04,CRL,0.0042544458516965,0.1510059997652878,0.0059650823594497,0.0507936603583629,0.1318284326847856,1.1650485228720053,xxx
2021-04-23,KMB,0.0124255758747965,0.0110213155875763,0.0143656944064868,0.0850642803620061,-0.02370531109765517,-0.045751724824982465,xxx
2021-04-20,WRB,0.0171745942338698,0.4799832356936342,0.0229183473001831,0.146971697418649,0.24403142764173302,0.5233514843733824,xxx
2021-04-29,TFX,0.003882320998743,0.1750581610700173,0.005597050862073,0.0297082060732437,0.03744977294812868,0.24849073003356503,xxx
2021-04-28,F,0.0679240264899708,0.704394226886184,0.0293469017914215,0.2341289491520854,0.09322783028019144,1.3631178259127439,xxx
2021-05-06,HWM,0.0056643556569248,0.2586244411965558,0.0111003894102712,0.0691771690567936,0.19918087686339314,1.638001554778123,xxx
2021-05-04,D,0.0162027997981086,0.3970992627939691,0.0131147558002818,0.0378761977217093,0.11500716093674712,0.06021039900135139,xxx
2021-04-16,CFG,0.0313291747673733,1.1022754550806455,0.0550505094000202,0.1040841917676262,0.13007839609404437,1.390260983152987,xxx
2021-05-04,ANET,0.0078271153540843,0.1497733533589195,0.0102828364180666,0.0333512979415095,-0.010717168506334307,0.38604611305126224,xxx
2021-04-28,MCO,0.0131664175065266,0.0363149830682733,0.0151419027952959,0.0268592510781303,0.15104044040224318,0.323265366805344,xxx
2021-05-04,MPC,-0.0069393043098658,0.619146523382739,0.0202635296483242,0.3054003396997446,0.2838600506978155,0.9494853022823444,xxx
2021-04-22,DHI,0.0286766800541251,0.3999340195907801,0.0339438379655017,0.1842334812087833,0.22318506073398958,1.0461027515470587,xxx
2021-04-15,TFC,0.0170085004340072,0.7745880197652245,0.0158097835755147,0.0436018037345107,0.12988954339594283,0.7503533535874516,xxx
2021-05-06,AES,-0.0082625804672599,0.1303031270985447,0.0145173071269584,0.0657269832981708,-0.0289130445699316,1.160949577713625,xxx
2021-04-22,ODFL,0.0071508496656085,0.1144915384412048,0.0098667467598963,0.0412387469482862,0.228114118013091,0.7810534947197274,xxx
2021-05-03,MOS,0.0130563846918656,0.8018969850124663,0.0178741520905843,0.1438637518124785,0.15301263920633734,2.0052038577967446,xxx
2021-04-28,ETR,0.0167280187906019,0.5508511863086964,0.013417733392202,0.0642986474119782,0.22773878251744728,0.13893550829518397,xxx
2021-05-06,NCLH,-0.1342601062736635,0.4289118072850831,-0.0287596260612005,0.0001638806462037,-0.033032015138352855,1.5845723860948615,xxx
2021-04-27,COF,0.0554372779814973,0.965201384040649,0.0432580555655604,0.0702170201279866,0.39521299379629427,1.675283827977724,xxx
2021-05-05,QRVO,0.0136731900592851,0.2118887445820439,0.0140937945992987,0.0483252240024348,0.03756749488490163,0.810751816218918,xxx
2021-05-25,A,0.0053045478566987,0.1181244221792642,0.0076173757337921,0.0360760807268106,0.04285058823367627,0.661593698143081,xxx
2021-05-03,JKHY,0.0061866451007606,0.1139657324886194,0.0078134502432967,0.0371620143277777,0.03940026922988471,0.02271842379883493,xxx
2021-06-03,AVGO,0.0076073380451441,0.1285194533964052,0.0091062051919462,0.0304307463694464,0.05600492104003152,0.5592707258980814,xxx
2021-05-05,MET,0.005394081483426,1.2250889062909422,0.0063376441304787,0.1900316338314276,0.33735449329786604,1.0811983605952147,xxx
2021-05-06,CAH,0.0066702898223607,0.1003346116136616,0.028183309198354,1.863467119133596,0.05021528042557932,0.10176565609762234,xxx
2021-04-28,DRE,0.0050402622034197,0.3305869254113401,0.0055665650289215,0.0149798397271377,0.13554722123577,0.30859022790291935,xxx
2021-04-26,ARE,0.0002519925568244,0.5360218801585015,0.0039436970300548,0.0140820874534892,0.0659038726019272,0.22215221662281914,xxx
2021-04-16,BK,0.0206997384738801,0.976124306820208,-0.0260414838945832,-0.0878589526018463,0.0925790085859084,0.3179955083943553,xxx
2021-04-22,NUE,0.0392743221741088,0.479781989298768,0.0502628796918944,0.2623190948369271,0.5196371649741598,0.9397290926549373,xxx
2021-05-10,DUK,0.0128345897962289,0.6225247415958945,0.0110071957756681,0.0433937525771534,0.14731251524358968,0.3232208606286584,xxx
2021-04-27,UPS,0.0324240437229729,0.0483586478480984,0.0397617452492647,0.1401541868241508,0.21878563898559467,1.072769290558227,xxx
2021-04-29,SO,0.0172480697872003,0.432827774166555,0.014143711195863,0.0491412893401237,0.08872189222858595,0.20036685824740696,xxx
2021-04-27,SYK,0.0032946007281042,0.14729701665849,0.0045886280873679,0.0385932911263092,0.15155659053481352,0.43778793965979634,xxx
2021-04-28,BSX,0.0059559614723948,0.2863050715124591,0.0066148263949707,0.044400005460877,0.18130843196795698,0.1819396558313502,xxx
2021-05-04,UA,0.0084277806096986,0.1918773640228923,0.0120202862783877,0.1414661992993799,0.05117265846269503,1.464999914169311,xxx
2021-04-28,CME,0.0078331467695671,0.3617634648126739,0.0100581410341032,0.0165236179814413,0.09000451303279489,0.14416928052237243,xxx
2021-04-28,SWK,0.0146568248126203,0.303617045877832,0.0181513993547002,0.1121826509079846,0.15172307176710587,0.9069779045049853,xxx
2021-04-29,PH,0.011583804091833,0.181554891211556,0.0141349195357014,0.0797765770904267,0.1708102691244333,1.0197694519329725,xxx
2021-05-20,RL,-0.0082958846812373,0.2915762761648374,-0.002408684098799,0.1573592099063125,0.1302049538301302,0.5068003269401635,xxx
2021-04-29,CARR,0.0104628874258424,0.176806449235135,0.0147641082987639,0.1064057437053555,0.18523493152821602,0.29991093160929694,xxx
2021-04-22,PNR,0.0124158964870892,0.2118039946607808,0.0141133307393409,0.0773464119442743,0.1504124688483175,0.8835614322622063,xxx
2021-04-22,POOL,0.0071161724806551,0.0474575959439709,0.0090423793211593,0.0743360793377031,0.2463810741058765,1.0243452781838758,xxx
2021-04-28,ROK,0.0134307618939557,0.0589383736143357,0.0104475576489236,0.0546404803894383,0.0939213373683474,0.3832557442061266,xxx
2021-05-04,VRSK,0.0058772211812016,0.0960817600340816,0.008009346493991,0.0230685699694046,0.01875362755287413,0.20449348600095907,xxx
2021-04-16,STT,0.0167016085295155,0.7865467133460403,-0.0101545468722199,-0.0398253399853431,0.032110976676729575,0.41762666040726226,xxx
2021-05-05,FOX,0.0269714753018844,0.5271092025047297,0.0363128823668761,0.1371867412567646,0.2039553779403167,0.4645930705582475,xxx
2021-05-04,IT,0.0101320572033637,0.0550498562472633,0.0127395913996814,0.0623056099871603,0.227356869121085,0.8212584600565047,xxx
2021-05-04,SYY,0.0021608077769935,0.0339111501697896,0.0057087554726928,0.2413181585251921,0.14543589227556608,0.6910583340472607,xxx
2021-04-15,USB,0.0261709654152546,0.5500114156925463,0.0302126904618732,0.0506469997784099,0.2452555321189529,0.759300882867672,xxx
2021-05-03,AWK,0.004888704566122,0.2419724974344475,0.0066771228881356,0.0234359095836539,0.037081404974129706,0.3404045568052685,xxx
2021-04-28,MAS,0.0061834894440641,-0.0011182906441392,0.0204165516409805,0.1120351162471635,0.13679163839449537,0.5539101739036068,xxx
2021-04-29,VRTX,0.0117432635877239,0.1614627992961865,0.0177874166090057,0.0350294336482403,-0.08590414331055451,-0.1561043695081199,xxx
2021-04-22,SNA,0.0152699591466661,0.3073019815808817,0.0204773235368118,0.0843959887492741,0.2800764190043452,1.2368334932025364,xxx
2021-05-04,PKI,0.0260608584187255,0.2749858397689385,0.029752812733815,0.0809992566375899,-0.15385842363406388,0.4167931173824051,xxx
2021-05-10,NLOK,0.0155644372401173,-0.0401145289693747,0.0231568597217735,0.0444611706658051,-0.010858142789054392,0.031604023888321287,xxx
2021-04-27,OKE,0.0170973966225893,0.2701268688058475,0.0190647223535583,0.0878845574850669,0.12428342971896211,0.8508947211793871,xxx
2021-05-04,CMI,0.0159661336675867,0.2147087527536662,0.0205197454736975,0.1545195172135545,0.10757082318661815,0.6282580825323425,xxx
2021-04-22,GPC,0.0130429256024072,0.1991733400832116,0.0167504421878841,0.2452633099800836,0.21536954734479097,0.6981317838135992,xxx
2021-05-19,ADI,0.0074850753108872,0.2153478671460433,0.0089832397046615,0.027532905828013,-0.03739634977023987,0.36248091373810665,xxx
2021-05-05,FMC,0.0128656267109804,0.2110552045946341,0.0150342035154975,0.0684497095320977,0.051487712102187944,0.3849173943004798,xxx
2021-04-20,PM,0.017432808841064,-0.0834981652827074,0.0208919562502243,0.0457463880363602,0.13909261811788043,0.37982846726167185,xxx
2021-04-30,CLX,-0.0025141554435991,0.0306232376162981,0.0110286060320233,0.066582872349266,-0.04214620141845049,-0.03277057074552159,xxx
2021-04-20,ISRG,0.0048734294251836,0.1160740456687838,0.0050292891305852,0.0155910376334673,0.01557589831544437,0.5890407912233921,xxx
2021-05-26,NVDA,0.0051168598354614,0.0502426394094948,0.0058151915049159,0.015390275413431,0.08320706020358837,0.7916218803069279,xxx
2021-05-05,BWA,0.0058658880272335,0.5745862933753191,0.0349236790134201,0.2998052016376902,0.19779123533901521,0.8533317866350003,xxx
2021-04-22,HCA,0.0224240371014354,0.0038922959691177,0.0246198676880685,0.1459957109359923,0.21806151497409942,0.9195756487092543,xxx
2021-05-10,AEE,0.0112126196163582,0.4402276577272334,0.010441934674581,0.0469887060356147,0.16724414384887876,0.24479442425529996,xxx
2021-04-28,TYL,0.0021392156378289,0.1192370309134566,0.0025628765854257,0.0177950243331452,-0.021792213906675184,0.3732515069118292,xxx
2021-05-05,BKNG,-0.0005750606699009,0.0498107096619637,-0.0017763808641381,0.0117840149184978,-0.04320854435236343,0.6191589964282065,xxx
2021-06-02,AAP,0.0142256981043221,0.2679085410318771,0.0220769721196583,0.251859148479403,0.23203164742163507,0.4175019577489816,xxx
2021-04-30,GWW,0.011341394189564,0.0865376968413797,0.0217192693348984,0.1336970591393749,0.1890701563285373,0.7075973497685812,xxx
2021-06-16,LEN,0.027117418063122,0.6471621298178152,0.0373137963589606,0.1865894391109046,0.03212814855743518,0.45326596608771474,xxx
2021-04-27,MXIM,0.0088147389981169,0.0860859323870351,0.0107294130204616,0.0277946953711074,0.04024900798216313,0.7889586163750966,xxx
2021-04-29,MO,0.0149960494287374,0.0307413736705926,0.0224639085140714,0.0410884083765623,0.11153967555417599,0.28482748109969114,xxx
2021-04-26,OTIS,0.0104696341768906,-0.1329099663365018,0.0175287350947755,0.0998962026805935,0.1851939988521356,0.21396301745343682,xxx
2021-04-27,IVZ,0.0231339104194781,0.9102649524390112,0.023069862236738,0.0480016954190107,0.27234034111617045,2.847852626180239,xxx
2021-05-27,MDT,0.0077058322503896,0.2913937801272346,0.0106743962263181,0.0425935459556983,0.06592470237811443,0.34113625229482714,xxx
2021-05-04,PFE,0.0240854546010614,0.338885358770727,0.0256071361987217,0.0637424479429431,0.1417547284623526,0.15684956224088498,xxx
2021-04-27,SYF,0.0428840566926529,0.5373194677319096,0.1140967215291681,0.153059770219626,0.217820724438331,1.7819555300281729,xxx
2021-05-04,XYL,0.004595234507127,0.1551287787061157,0.0070888268953262,0.0618303234759009,0.19665457595804292,0.8055908529987397,xxx
2021-04-27,GOOGL,0.012876845920012,0.1651891779475583,0.0165842077282449,0.0434757756530871,0.19376588556092633,0.8586716134299037,xxx
2021-06-17,KR,0.0050898262719917,0.3338709446074559,0.0104057691025711,1.0455899085109115,0.15498626663255588,0.25799745872510504,xxx
2021-05-25,INTU,0.0129711517785923,0.0882020600791579,0.0173763366357896,0.0376682871590391,0.10155749193463959,0.5236445302822361,xxx
2021-04-30,PSX,-0.0183734563960575,0.5035615435132903,-0.0081718297206257,0.4138926495737062,0.20693244712751846,0.28639812436031065,xxx
2021-07-01,MKC,0.0077261547541549,0.1819158255751019,0.0092676418288501,0.0537516320229918,-0.01774262674701299,-0.0006027376458284106,xxx
2021-04-15,DAL,-0.0382022284631266,0.015644413015486,-0.0508089259126452,0.090574330986889,0.12900888152012424,1.0836671617963916,xxx
2021-04-30,CHTR,0.0069323468380477,0.1803698718196872,0.0114895378373007,0.0605776811783917,0.10845021876556804,0.3214229512013378,xxx
2021-04-22,CE,0.0188254122859823,0.2070795351458054,0.0211663406439065,0.0891266521727024,0.2729889314967464,0.8972600652018967,xxx
2021-05-04,HSIC,0.0171636777050938,0.3472262343991744,0.0206281531564546,0.2587685423585428,0.2312316843672455,0.4873370877436478,xxx
2021-05-04,AME,0.0074366536024403,0.2076233170363484,0.0094894875160491,0.0395904247098919,0.16306901860850642,0.6871996522412556,xxx
2021-05-04,ETN,0.0083143179562205,0.2722122221692729,0.0099708225232794,0.0733277418169707,0.20769912278999936,0.7666467509557995,xxx
2021-04-22,MKTX,0.004252729805029,0.0522352055559278,0.0055047519225245,0.0105496590887946,-0.05794351706296408,0.10612235980145313,xxx
2021-05-06,NWS,0.0054002997583285,0.5597171445720772,0.0110076990889983,0.1576869777473076,0.22513950573938168,1.436699270647468,xxx
2021-05-18,STE,0.0054650684721829,0.2387128573663489,0.0097635548551167,0.0493562953480611,0.027827721982316866,0.3448100145779385,xxx
2021-05-04,IPGP,0.0060330085204864,0.2337419533494959,0.0090125787590815,0.034958325724869,-0.26121871142023034,0.3149895729847654,xxx
2021-04-22,DHR,0.0103490883274869,0.231474401236885,0.0119511670538009,0.0385880902330351,0.10759170475577284,0.5481132915833484,xxx
2021-05-27,HPQ,0.0299696215639168,-0.0820015704028994,0.0331747287961301,0.3635025321574592,0.1460734882784409,0.9390845721647185,xxx
2021-05-04,UAA,0.0084277806096986,0.1918773640228923,0.0120202862783877,0.1414661992993799,0.06369703114611003,1.6503882967969878,xxx
2021-04-19,PLD,0.0046652371777162,0.4073889559611337,0.0068847927606471,0.011636651393933,0.06503470134912459,0.29166003823798214,xxx
2021-05-06,HII,0.0178404607912687,0.2386764349102165,0.01994413584116,0.2378677562626318,0.287991275643839,0.29089715303466024,xxx
2021-05-05,LUMN,0.0321826304407794,0.765811098678168,0.0221597488515102,0.1100112309716139,0.04266086030474692,0.4134857944255217,xxx
2021-06-02,NTAP,0.0200889209387176,0.041200331865334,0.0310324326601949,0.1060558962342926,0.08376941666160564,0.724983645339244,xxx
2021-04-29,CAT,0.0120463022347988,0.1304858607433467,0.0151274989177249,0.0772425170253423,0.24971687984614532,1.0166981409210107,xxx
2021-06-09,CPB,0.0110583562530797,0.2068603766591734,0.0141295940431409,0.1019385984785149,-0.03379867997898023,-0.03129308327450753,xxx
2021-04-29,NEM,0.0115891098988862,0.4794657327934546,0.0194981861234186,0.0573758099861253,0.09691859307457285,-0.01623206880298167,xxx
2021-04-27,PFG,0.0315451466480243,0.9397964739627512,0.0321875714581703,0.1682258071730566,0.2085501517180035,1.0813773561624611,xxx
2021-04-29,WST,0.0072658955561666,0.0878923476999262,0.0086489858133448,0.0325891841854516,0.09430564299030753,0.7356230380641964,xxx
2021-04-23,HON,0.0094649243628877,0.1192965168821992,0.01298000464621,0.0529343749537193,0.1541881468780868,0.6722164676931224,xxx
2021-04-28,YUM,0.010092083138457,-0.2449342386241481,0.0123958524514612,0.0350194614883487,0.1470386008242941,0.37056250518554124,xxx
2021-04-26,AMP,0.0161233767781748,0.2029995858890577,0.0323816177685778,0.0747922851546239,0.2345018324952295,1.3680604592949877,xxx
2021-04-27,UDR,0.0001573168779978,0.2271387634351349,0.0044783084594243,0.0157761079399938,0.14607385731849476,0.3484512583731805,xxx
2021-04-29,AMT,0.0060662540490233,0.0365235518976392,0.0072295065849536,0.0160593701385432,0.11994836326767566,0.07854062807540907,xxx
2021-05-18,HD,0.0119103162836557,0.0050227341046635,0.0153248426795507,0.0994086837023273,0.19269152610976192,0.3611360851205643,xxx
2021-04-21,LVS,-0.0059897765271527,0.0575923476873353,-0.0018553371366313,0.0201725746855548,0.23898852339325716,0.4808676609610767,xxx
2021-04-29,IP,0.0164308189803974,0.3652443944123887,0.0221595405310699,0.227230623074815,0.25586523549722284,0.785659223502936,xxx
2021-04-29,TROW,0.018690285882779,0.2051755276305298,0.0266756091166448,0.049683221210602,0.12106269727946262,0.6400828128016463,xxx
2021-04-28,GD,0.0138079207374423,0.2991716159779183,0.0154521712996275,0.1498764838142597,0.22085218833365028,0.3952032902614453,xxx
2021-04-22,TSCO,0.008744386737978,0.0893127188282036,0.0125436247960766,0.1354782896330786,0.26258560218428406,1.0021814822548127,xxx
2021-04-29,FBHS,0.0134045325633982,0.2204736503284685,0.0162082038024661,0.1135921208316878,0.1829316266512142,1.2038620238498403,xxx
2021-06-03,COO,0.0058180752735663,0.3051444313266401,0.0068033499123424,0.0329630320668714,0.0337226796792649,0.22398359419856884,xxx
2021-04-20,DOV,0.0117994757787515,0.1773778504627504,0.0144616287921305,0.0839358007458937,0.23248828095107066,0.7442849763722859,xxx
2021-04-27,GLW,0.0171814499800582,0.3307503823117643,0.0163848931164169,0.080457161720913,0.27131024028737283,1.0686620275404333,xxx
2021-05-06,CNP,0.0267452255583117,0.5087198142872885,0.0178491983691978,0.0857771853704658,0.23443037758127172,0.41017873109318725,xxx
2021-04-21,BKR,-0.020092451950368,0.7683140254649602,0.0124026027975024,0.1900937390309512,-0.1259119440787949,0.5699179446670437,xxx
2021-04-29,RCL,-0.0519309902186706,0.4208903599328377,-0.0229575838842588,0.0011162945985073,-0.015423887037895434,1.0844586908929137,xxx
2021-05-06,EOG,0.0159926702318275,0.4904576356768161,0.0303787294982408,0.0922705697306539,0.09662586622149183,0.6415805270945423,xxx
2021-05-10,VTRS,-0.0615313663005232,1.269926513026035,0.0082348479015986,0.1097558563732028,0.021739144619138173,-0.11268436835581774,xxx
2021-04-28,URI,0.0085225935540526,0.1992103764235449,0.0114642901351944,0.0630535957435693,0.37491006149433326,1.5382872134915924,xxx
2021-04-29,DXCM,0.00115954133414,0.054760274618741,0.0013553607891215,0.0149119215360871,0.028035103992624544,0.3450069015688624,xxx
2021-05-05,GM,0.0359442643726791,0.5838889692770257,0.0241564493744212,0.1901712816933223,0.049198263673287945,1.6304250085216396,xxx
2021-04-21,VZ,0.0217865436988158,0.2958816169216491,0.0214779815311778,0.0841679765095054,0.038801534784669744,0.04780846118429816,xxx
2021-06-30,MU,0.0188608034558545,0.4593882958161148,0.0254217446214253,0.0821420063475049,-0.036617115531833555,0.7289928935645942,xxx
2021-04-29,RMD,-0.0027798919834468,0.0959643465027417,0.0077901791589763,0.0267564051928658,-0.03525908299864711,0.34960166895101996,xxx
2021-04-21,NEE,0.0112336169490124,0.2520348945499316,0.006085743234726,0.017925280073193,-0.08038129909528446,0.32005939129570415,xxx
2021-04-22,VLO,-0.0240884190146335,0.6082240381269387,-0.0145763780454301,0.488367345592945,0.19209713599655487,0.10393173169984138,xxx
2021-05-05,FRT,0.0058264784779895,0.2994906597457624,0.0068844920621659,0.0184373831990055,0.13241885463196712,0.5714200005394159,xxx
2021-05-06,LIN,0.006724709268756,0.3170906278665482,0.0080600368352127,0.0456084740605046,0.1566017442763692,0.630629238000078,xxx
2021-04-29,AOS,0.0089436885416115,0.1692618230648892,0.0122626528385655,0.0741933912891965,0.2067890054326551,0.6527500641671655,xxx
2021-04-26,SBAC,-0.0003873447466372,-0.1663876378718569,0.0021362645636668,0.0130024810373349,0.14551622862438585,0.014845427184944082,xxx
2021-04-21,RHI,0.0125451674877479,0.1358553911906924,0.0180400041632971,0.1681101753411712,0.2790186669530379,0.928282943157589,xxx
2021-04-22,T,0.0347417675185929,0.7665794164155871,0.0298464072497531,0.1092122991461445,0.09458634302871327,0.14121494409205404,xxx
2021-04-29,KIM,0.0160939622550867,0.696847180200441,0.0081085585550724,0.0212298720015339,0.19251591814866087,1.0011766259476018,xxx
2021-04-22,HIG,0.0102249249222146,0.7278135083976406,0.0133924216835586,0.1867537960557292,0.3174849205458279,0.6693677719454239,xxx
2021-04-27,IEX,0.0070922927960226,0.164232879369275,0.0099690209814668,0.0408078535264757,0.16119932212105037,0.5018666679667021,xxx
2021-04-29,CBRE,0.0100057874040972,0.2717693521196779,0.012840274566895,0.2138987710817033,0.09334879980548383,1.0824163070893849,xxx
2021-05-06,IRM,0.0042678359748828,0.0898158467633021,0.0105255729862295,0.0554202886270817,0.2224492829769873,0.8397752930458122,xxx
2021-04-29,TWTR,0.0013390384566308,0.1523369145723524,0.0011061648002112,0.0219591983594946,0.08718886753187927,1.2695256501145873,xxx
2021-05-13,DIS,0.0026265892180707,0.2493656400818747,0.0048571276531395,0.0393331608135204,-0.06584258070868987,0.7646942474394041,xxx
2021-04-29,MA,0.0051684165800897,0.01788871537321,0.006381483344442,0.0115433449264939,0.20085028296283358,0.3778445018279928,xxx
2021-05-04,EXPD,0.0158102847949485,0.1582456370267016,0.02372303747077,0.2050140849892781,0.21797761803746107,0.581365406864307,xxx
2021-04-29,BAX,0.0069859887939751,0.1981395210962336,0.0114252355279629,0.0646041149047577,0.10931809215255983,-0.0271310736743966,xxx
2021-04-28,ROL,0.0054691835808688,0.0583818212336227,0.0071122182680165,0.0316207885097657,0.044017279105434515,0.3720513942537116,xxx
2021-05-05,CTSH,0.0121828873329639,0.2662624306810348,0.016455929962259,0.1100646622551704,0.029968240521810907,0.40510682378853313,xxx
2021-04-27,FISV,0.0038309792820638,0.401383293134925,0.0051330380923008,0.0372815435910827,0.07236674248314623,0.13361912046275126,xxx
2021-04-15,PPG,0.0106104308423017,0.1639002795984131,0.0140594219648471,0.0969176139352964,0.07699496761838853,0.6336019542839921,xxx
2021-05-06,LYV,-0.0166927195528028,-0.0395802563264808,-0.0137705040674719,0.0135949817283673,-0.1387296297268218,0.90805193763275,xxx
2021-05-06,TPR,0.0078958923297441,0.2596086736551658,0.0154558387383782,0.1102516496670982,0.2935323063102768,2.1451612148605785,xxx
2021-04-29,EMN,0.0182263733187661,0.4146167331966033,0.0197481383612639,0.1198319025498359,0.17379607139472864,0.9873712655199891,xxx
2021-05-06,BLL,0.007194116389972,0.1256092721689115,0.0087443223078618,0.0890097954790499,0.020447030590492243,0.38447774434700355,xxx
2021-05-04,VMC,0.0071744174048487,0.2740978633914022,0.0105728021533578,0.0436746102237474,0.16729420098674308,0.9064350908771315,xxx
2021-06-24,ACN,0.0082561738234701,0.1030690659382508,0.0118814576193635,0.0743999794940047,0.0958158943025551,0.36062132201257424,xxx
2021-04-20,OMC,0.0180481983081314,0.2013772564526462,0.0265950607180626,0.1958285637617723,0.19204517568905022,0.45688996858076725,xxx
2021-04-27,ADM,0.021643164034278,0.6546664464998372,0.0225481363352242,0.445143092770525,0.19302687740563718,0.6625086828102118,xxx
2021-04-27,EIX,0.0116512780515057,0.6336225921060162,0.0100674620816499,0.0609400567723597,0.06267629225257254,0.04301164710003125,xxx
2021-04-30,NWL,0.0078136204808863,0.3367758220750556,0.0122031142725604,0.1410137649273652,0.12512006800288966,1.3096687569964822,xxx
2021-04-29,LH,0.0309188954304958,0.4026165677711976,0.0385878081872604,0.1458521015179693,0.12558489289225805,0.5390823528687412,xxx
2021-02-25,UHS,0.0265422073615364,0.5448923320521669,0.0294240087004813,0.2156503873487809,0.23158370573679532,-0.0005863134958078442,xxx
2021-05-04,WU,0.0179679479118753,0.0216247909962504,0.0194919483762516,0.1021449005425055,0.11221644259631147,0.3891964761744966,xxx
2021-04-29,DVA,0.0201358977808214,0.1058610667751876,0.0207107873907488,0.1316097103289971,0.010059113837727507,0.4513756464356644,xxx
2021-05-05,RSG,0.0093365818367459,0.2723953272674687,0.0118824934270154,0.0642075045450633,0.23398606399032196,0.43743318576609536,xxx
2021-04-28,HUM,0.015308478028514,0.2623518154886646,0.0191630267795624,0.3574561710108268,0.156379263398025,0.16975497813386298,xxx
2021-05-03,WMB,0.0147684340236828,0.4054195758924896,0.0162036537449217,0.0486482110134891,0.09966521961799302,0.39460849646207774,xxx
2021-04-30,LYB,0.0307192333275493,0.2531172783543392,0.0257803757588305,0.187309898113359,0.22173744184926214,0.9799376645761999,xxx
2021-04-29,AMZN,0.0052028900897705,0.0663084499907601,0.0068374919699517,0.0702509897363403,0.027014810234837316,0.4031164343547897,xxx
2021-05-27,CRM,0.0022080080553594,0.2004014475319512,0.0032140093560563,0.0298058130484662,-0.02271940435519959,0.2469905810051254,xxx
2021-04-20,TRV,0.0192492138795775,0.7474670702771661,0.0222620196672304,0.1901995575474686,0.052881589372204774,0.5702747764864902,xxx
2021-04-28,AAPL,0.0116124491807143,0.0339960224047167,0.0134006095968867,0.0429310234998928,-0.05828806763508865,0.8327494836681648,xxx
2021-05-04,CVS,0.0225134896227132,0.7175351955777024,0.0240981584385526,0.4539559579140321,0.15769583212292715,0.382938339188053,xxx
2021-04-30,CL,0.010211775285662,0.0039287593610036,0.0133487274346649,0.0588102149859884,0.040440873062595584,0.20446343951617907,xxx
2021-05-05,ETSY,0.0056863873787625,0.0268986775754133,0.0063100660639349,0.021930978437971,-0.0658467172095708,1.3590236754043583,xxx
2021-04-30,JCI,0.0080203169865589,0.4138296502277567,0.0151279266928637,0.112534071701968,0.25682061944421264,1.2917466248584129,xxx
2021-04-29,CHD,0.0103090139645818,0.1499968538426156,0.0138602219542602,0.0529982375899166,0.02147646711679596,0.24280786734089976,xxx
2021-05-06,EXPE,-0.0244730158873508,0.0488248782307048,-0.0112055637851635,0.0396651490804368,0.0994596978045299,1.0711234422201366,xxx
2021-05-04,COP,0.0137383592833597,0.6037463287916411,0.0199478080422412,0.1161868179152713,0.2949184228560888,0.30155751889278215,xxx
2021-05-19,SNPS,0.005181999626565,0.1351598523150349,0.0059589894821303,0.0282125672311905,-0.1635184929461979,0.43445941173205105,xxx
2021-05-05,CF,0.0155156722508316,0.3112382201839,0.0164244494043016,0.0685769839669646,0.11140698339758037,0.9799390653907663,xxx
2021-04-30,ALXN,0.018827849437971,0.3675811963858471,0.0254286442333048,0.0498072726365091,0.08413134935399968,0.7418422041986568,xxx
2021-05-07,CI,0.0138253622522455,0.5733655185903274,0.0181630400306616,0.3741458401891755,0.27710597892242017,0.33972846190017547,xxx
2021-05-06,FIS,-0.0042640143315726,0.5539789128901152,-0.0012506513344984,0.0312468934192895,0.1455401592454717,0.18441306013781933,xxx
2021-04-29,FTNT,0.0035597673875789,0.0325692150535205,0.0042464914691921,0.0252197566100933,0.24511111778523142,0.7537233341672778,xxx
2021-04-27,TXN,0.0100009362290998,0.0582633339283835,0.0114049217932515,0.0246426748469803,0.11601683192578172,0.8306019651557119,xxx
2021-03-17,CTAS,0.0075293365987318,0.1120347320457959,0.0090551837658344,0.0492898803012199,-0.011611659149300957,0.8993186831580922,xxx
